-- phpMyAdmin SQL Dump
-- version 4.8.2
-- https://www.phpmyadmin.net/
--
-- Host: 127.0.0.1
-- Generation Time: Feb 12, 2019 at 11:31 AM
-- Server version: 10.1.34-MariaDB
-- PHP Version: 7.2.7

SET SQL_MODE = "NO_AUTO_VALUE_ON_ZERO";
SET AUTOCOMMIT = 0;
START TRANSACTION;
SET time_zone = "+00:00";


/*!40101 SET @OLD_CHARACTER_SET_CLIENT=@@CHARACTER_SET_CLIENT */;
/*!40101 SET @OLD_CHARACTER_SET_RESULTS=@@CHARACTER_SET_RESULTS */;
/*!40101 SET @OLD_COLLATION_CONNECTION=@@COLLATION_CONNECTION */;
/*!40101 SET NAMES utf8mb4 */;

--
-- Database: `arkiworxdb`
--

-- --------------------------------------------------------

--
-- Table structure for table `tblaccounts`
--

CREATE TABLE `tblaccounts` (
  `id` int(11) NOT NULL,
  `username` varchar(45) NOT NULL,
  `password` varchar(255) NOT NULL,
  `strUserType` char(25) NOT NULL,
  `intActive` varchar(45) NOT NULL,
  `remember_token` varchar(100) DEFAULT NULL
) ENGINE=InnoDB DEFAULT CHARSET=utf8;

--
-- Dumping data for table `tblaccounts`
--

INSERT INTO `tblaccounts` (`id`, `username`, `password`, `strUserType`, `intActive`, `remember_token`) VALUES
(666, 'engi', '$2y$10$rqGUbJ3ZuUHyzkLgERTCqe/u5urxkop7UqxcswSAlHSznY36Nacu6', 'Engineer', '1', 'nuPJEq1cRADrxWZhWIpoXsR5B8S6h7nVBoSVblrFRJLBf7M7bUmbLaTVPwoA'),
(777, 'admin', '$2y$10$j5Eau.jAcj3NXfalZ56mm.RvqD51qBUAyLKPy/3GLFHRJf72nN6BW', 'Admin', '1', 'mfc9eXPdZ6TXHPYxHnbmZDUz8nP3jDh3osedLqj3kbTJyenZMQwWbnDrQBI5'),
(778, 'sherwin28', '$2y$10$Vmi09xYVLaPzx1GSNWyu9OEJ9N62kJ/XadgiRXMUHVl2uJgN1hB3a', 'Engineer', '1', 'Fy4kBwABunIZYSAc0WqZtlKxstMacxqD33X6h0IEnHrH7nGV1tzYQ17IWkUh'),
(779, 'jujujujujuju', '$2y$10$hCCoKNRMl8cAcu7/pLGP4uwlYFzYnVk99XJBfWF5mNG2BA7kkl3aW', 'Engineer', '1', NULL),
(781, 'jujujujujujuy', '$2y$10$N1Ljjo0Y10gGIOYZMHa4TOL04D9oq79xMODBCC7Z27ULntKjLj3EG', 'Engineer', '1', NULL),
(783, 'aaaaaaaa', '$2y$10$yPmy.2X4FwC97RCHbCC/AOxisfZIczXkVU3FglF2GyD0dm8LWZrxq', 'Engineer', '0', NULL);

-- --------------------------------------------------------

--
-- Table structure for table `tblemployee`
--

CREATE TABLE `tblemployee` (
  `intEmployeeId` int(11) NOT NULL,
  `strEmployeeFName` char(25) NOT NULL,
  `strEmployeeMName` char(25) DEFAULT NULL,
  `strEmployeeLName` char(25) NOT NULL,
  `strEmployeeSex` char(10) NOT NULL,
  `dtmEmployeeBDay` date DEFAULT NULL,
  `varEmployeeEMail` varchar(45) NOT NULL,
  `varEmployeeContactNo` varchar(45) NOT NULL,
  `intEmployeeHouseNo` varchar(45) NOT NULL,
  `strEmployeeStreet` varchar(45) NOT NULL,
  `strEmployeeBrgy` varchar(45) NOT NULL,
  `strEmployeeCity` char(45) NOT NULL,
  `intAccountId` int(11) NOT NULL
) ENGINE=InnoDB DEFAULT CHARSET=utf8;

--
-- Dumping data for table `tblemployee`
--

INSERT INTO `tblemployee` (`intEmployeeId`, `strEmployeeFName`, `strEmployeeMName`, `strEmployeeLName`, `strEmployeeSex`, `dtmEmployeeBDay`, `varEmployeeEMail`, `varEmployeeContactNo`, `intEmployeeHouseNo`, `strEmployeeStreet`, `strEmployeeBrgy`, `strEmployeeCity`, `intAccountId`) VALUES
(666, 'Erwin', 'Abriol', 'Andres', 'Male', '0000-00-00', 'eaa03niwre@gmail.com', '09550956605', '63', 'H. Bautista Street', 'Concepcion \r\n\r\nUno', 'Marikina City', 666),
(777, 'Juliamar', 'Juju', 'Soriano', 'Female', '1998-04-28', 'hamartia28@gmail.com', '09987654321', '77', 'Maputisha Street', 'Pirubatganern ', 'Manila', 777),
(778, 'Sherwin', 'Tan', 'Cornejo', 'Male', '2018-10-08', 'iamjuliamar@gmail.com', '09087859132', '22866', 'Daliah', 'Brgy. Kaypian', 'Cavite', 778),
(781, 'jet', 'fafasddaaaa', 'aaaaaaa', 'Male', '2018-12-02', 'adadaddd@gmail.com', '09087859111', '44444', 'hhhhh', 'ggggg', 'ttttt', 783);

-- --------------------------------------------------------

--
-- Table structure for table `tblformulavalues`
--

CREATE TABLE `tblformulavalues` (
  `intFormulaValueId` int(11) NOT NULL,
  `intHorizontalOptionsId` int(11) NOT NULL,
  `intVerticalOptionsId` int(11) NOT NULL,
  `decValue` decimal(15,4) NOT NULL
) ENGINE=InnoDB DEFAULT CHARSET=latin1;

--
-- Dumping data for table `tblformulavalues`
--

INSERT INTO `tblformulavalues` (`intFormulaValueId`, `intHorizontalOptionsId`, `intVerticalOptionsId`, `decValue`) VALUES
(1, 1, 1, '12.0000'),
(2, 1, 2, '9.0000'),
(3, 1, 3, '7.5000'),
(4, 1, 4, '6.0000'),
(5, 2, 5, '3.7640'),
(6, 2, 6, '3.0620'),
(7, 2, 7, '2.5840'),
(8, 2, 8, '2.2320'),
(9, 2, 9, '1.9800'),
(10, 2, 10, '1.7860'),
(11, 2, 11, '1.6270'),
(12, 3, 5, '2.9370'),
(13, 3, 6, '2.3810'),
(14, 3, 7, '2.0040'),
(15, 3, 8, '1.7260'),
(16, 3, 9, '1.5280'),
(17, 3, 10, '1.3690'),
(18, 3, 11, '1.2500'),
(19, 4, 5, '2.4210'),
(20, 4, 6, '1.9340'),
(21, 4, 7, '1.6360'),
(22, 4, 8, '1.4070'),
(23, 4, 9, '1.2580'),
(24, 4, 10, '1.1090'),
(25, 4, 11, '1.0140'),
(26, 5, 5, '1.7690'),
(27, 5, 6, '1.4270'),
(28, 5, 7, '1.1970'),
(29, 5, 8, '1.0330'),
(30, 5, 9, '0.9140'),
(31, 5, 10, '0.8100'),
(32, 5, 11, '0.7360'),
(33, 6, 12, '0.4740'),
(34, 6, 13, '0.3160'),
(35, 6, 14, '0.2280'),
(36, 6, 15, '0.1680'),
(37, 6, 16, '0.1320'),
(38, 6, 17, '0.1100'),
(39, 6, 18, '0.0890'),
(40, 7, 12, '0.6320'),
(41, 7, 13, '0.4220'),
(42, 7, 14, '0.3030'),
(43, 7, 15, '0.2240'),
(44, 7, 16, '0.1750'),
(45, 7, 17, '0.1470'),
(46, 7, 18, '0.1180'),
(47, 8, 12, '0.4620'),
(48, 8, 13, '0.3070'),
(49, 8, 14, '0.2170'),
(50, 8, 15, '0.1620'),
(51, 8, 16, '0.1260'),
(52, 8, 17, '0.1020'),
(53, 8, 18, '0.0860'),
(54, 9, 12, '0.6160'),
(55, 9, 13, '0.4090'),
(56, 9, 14, '0.2890'),
(57, 9, 15, '0.2160'),
(58, 9, 16, '0.1680'),
(59, 9, 17, '0.1350'),
(60, 9, 18, '0.1140'),
(61, 10, 12, '0.4600'),
(62, 10, 13, '0.2950'),
(63, 10, 14, '0.2140'),
(64, 10, 15, '0.1580'),
(65, 10, 16, '0.1250'),
(66, 10, 17, '0.0990'),
(67, 10, 18, '0.0810'),
(68, 11, 12, '0.6140'),
(69, 11, 13, '0.3940'),
(70, 11, 14, '0.2850'),
(71, 11, 15, '0.2100'),
(72, 11, 16, '0.1670'),
(73, 11, 17, '0.1320'),
(74, 11, 18, '0.1080'),
(75, 12, 12, '0.4480'),
(76, 12, 13, '0.2930'),
(77, 12, 14, '0.2070'),
(78, 12, 15, '0.1530'),
(79, 12, 16, '0.1200'),
(80, 12, 17, '0.0950'),
(81, 12, 18, '0.0770'),
(82, 13, 12, '0.5980'),
(83, 13, 13, '0.3910'),
(84, 13, 14, '0.2760'),
(85, 13, 15, '0.2040'),
(86, 13, 16, '0.1600'),
(87, 13, 17, '0.1260'),
(88, 13, 18, '0.1030'),
(89, 14, 19, '2.9300'),
(90, 15, 19, '2.1300'),
(91, 16, 19, '1.6000'),
(92, 17, 20, '0.0650'),
(93, 17, 21, '0.0860'),
(94, 18, 20, '0.0470'),
(95, 18, 21, '0.0630'),
(96, 19, 20, '0.0290'),
(97, 19, 21, '0.0390'),
(98, 20, 20, '0.0440'),
(99, 20, 21, '0.0570'),
(100, 21, 20, '0.0320'),
(101, 21, 21, '0.0420'),
(102, 22, 20, '0.0240'),
(103, 22, 21, '0.0320'),
(104, 23, 20, '0.0180'),
(105, 23, 21, '0.0240');

-- --------------------------------------------------------

--
-- Table structure for table `tblhorizontaloptions`
--

CREATE TABLE `tblhorizontaloptions` (
  `intHorizontalOptionsId` int(11) NOT NULL,
  `strDesc` varchar(45) NOT NULL,
  `intWorksFormulaId` int(11) NOT NULL
) ENGINE=InnoDB DEFAULT CHARSET=latin1;

--
-- Dumping data for table `tblhorizontaloptions`
--

INSERT INTO `tblhorizontaloptions` (`intHorizontalOptionsId`, `strDesc`, `intWorksFormulaId`) VALUES
(1, 'Cement Bag 40kg', 1),
(2, '6.00m', 2),
(3, '7.50m', 2),
(4, '9.00m', 2),
(5, '12.00m', 2),
(6, '30cm-6m', 3),
(7, '40cm-6m', 3),
(8, '30cm-7.5m', 3),
(9, '40cm-7.5m', 3),
(10, '30cm-9m', 3),
(11, '40cm-9m', 3),
(12, '30cm-12m', 3),
(13, '40cm-12m', 3),
(14, '40cm', 4),
(15, '60cm', 4),
(16, '80cm', 4),
(17, '2-40cm', 5),
(18, '3-40cm', 5),
(19, '4-40cm', 5),
(20, '2-60cm', 5),
(21, '3-60cm', 5),
(22, '4-\r\n\r\n60cm', 5),
(23, '2-80cm', 5),
(24, '3-80cm', 5),
(25, '4-80cm', 5);

-- --------------------------------------------------------

--
-- Table structure for table `tbllabouractualshistory`
--

CREATE TABLE `tbllabouractualshistory` (
  `intLabourActualsHistory` int(11) NOT NULL,
  `decCost` decimal(15,2) NOT NULL,
  `dtmDate` timestamp NOT NULL DEFAULT CURRENT_TIMESTAMP ON UPDATE CURRENT_TIMESTAMP,
  `intLabourActualId` int(11) NOT NULL
) ENGINE=InnoDB DEFAULT CHARSET=latin1;

-- --------------------------------------------------------

--
-- Table structure for table `tbllabourcost`
--

CREATE TABLE `tbllabourcost` (
  `intLabourActualId` int(11) NOT NULL,
  `decLabourEstimate` decimal(15,2) NOT NULL,
  `decLabourActual` decimal(15,2) NOT NULL,
  `iintProjectId` int(11) NOT NULL,
  `intWorkSubCategoryId` int(11) NOT NULL
) ENGINE=InnoDB DEFAULT CHARSET=latin1;

-- --------------------------------------------------------

--
-- Table structure for table `tblmaterialactuals`
--

CREATE TABLE `tblmaterialactuals` (
  `intMaterialActualsId` int(11) NOT NULL,
  `intMaterialId` int(11) NOT NULL,
  `intProjectId` int(11) NOT NULL,
  `intWorkSubCategoryId` int(11) NOT NULL
) ENGINE=InnoDB DEFAULT CHARSET=latin1;

--
-- Dumping data for table `tblmaterialactuals`
--

INSERT INTO `tblmaterialactuals` (`intMaterialActualsId`, `intMaterialId`, `intProjectId`, `intWorkSubCategoryId`) VALUES
(1, 1, 3, 5),
(2, 2, 3, 6),
(3, 1, 3, 7),
(4, 6, 3, 9),
(5, 6, 3, 10),
(6, 1, 3, 12),
(7, 4, 3, 13),
(8, 30, 3, 14),
(9, 32, 3, 16),
(10, 42, 3, 17),
(11, 41, 3, 18),
(12, 46, 3, 19),
(13, 74, 3, 21),
(14, 1, 5, 5),
(15, 1, 5, 6),
(16, 1, 5, 7),
(17, 4, 5, 8),
(18, 1, 5, 9),
(19, 6, 5, 10),
(20, 6, 5, 11),
(21, 1, 5, 12),
(22, 15, 5, 12),
(23, 3, 5, 12),
(24, 3, 5, 12),
(25, 22, 5, 14),
(26, 36, 5, 15),
(27, 30, 5, 15),
(28, 34, 5, 16),
(29, 40, 5, 17),
(30, 41, 5, 18),
(31, 50, 5, 19),
(32, 49, 5, 19),
(33, 46, 5, 19),
(34, 74, 5, 21),
(35, 72, 5, 21),
(36, 73, 5, 21),
(37, 2, 5, 5),
(38, 3, 5, 5),
(39, 4, 5, 5),
(40, 1, 2, 5),
(41, 1, 13, 5),
(42, 18, 13, 5),
(43, 15, 13, 5),
(44, 1, 17, 5),
(45, 2, 17, 5),
(46, 3, 17, 5),
(47, 4, 17, 5),
(48, 5, 17, 5),
(49, 6, 17, 5),
(50, 18, 17, 5),
(51, 1, 17, 6),
(52, 1, 17, 7),
(53, 1, 18, 5),
(54, 2, 3, 5);

-- --------------------------------------------------------

--
-- Table structure for table `tblmaterialactualshistory`
--

CREATE TABLE `tblmaterialactualshistory` (
  `intMaterialActualsHistoryId` int(11) NOT NULL,
  `decQty` decimal(15,2) NOT NULL,
  `decCost` decimal(15,2) NOT NULL,
  `dtmDate` timestamp NOT NULL DEFAULT CURRENT_TIMESTAMP ON UPDATE CURRENT_TIMESTAMP,
  `intMaterialActualsId` int(11) NOT NULL
) ENGINE=InnoDB DEFAULT CHARSET=latin1;

--
-- Dumping data for table `tblmaterialactualshistory`
--

INSERT INTO `tblmaterialactualshistory` (`intMaterialActualsHistoryId`, `decQty`, `decCost`, `dtmDate`, `intMaterialActualsId`) VALUES
(1, '16.00', '3760.00', '2018-12-07 18:24:51', 1),
(2, '13.00', '10400.00', '2018-12-07 18:25:21', 2),
(3, '17.00', '3995.00', '2018-12-07 18:25:39', 3),
(4, '4.00', '240.00', '2018-12-07 18:26:02', 4),
(5, '5.00', '300.00', '2018-12-07 18:26:24', 5),
(6, '20.00', '4700.00', '2018-12-07 18:26:43', 6),
(7, '6.00', '1092.00', '2018-12-07 18:27:30', 7),
(8, '2.00', '1200.00', '2018-12-07 18:28:08', 8),
(9, '4.00', '1600.00', '2018-12-07 18:28:51', 9),
(10, '3.00', '1650.00', '2018-12-07 18:29:36', 10),
(11, '2.00', '1200.00', '2018-12-07 18:30:20', 11),
(12, '2.00', '200.00', '2018-12-07 18:30:49', 12),
(13, '30.00', '690.00', '2018-12-07 18:31:33', 13),
(14, '5.00', '1175.00', '2018-12-08 12:36:09', 14),
(15, '10.00', '2350.00', '2018-12-08 12:36:57', 15),
(16, '15.00', '3525.00', '2018-12-08 12:37:12', 16),
(17, '4.00', '728.00', '2018-12-08 12:37:30', 17),
(18, '6.00', '1410.00', '2018-12-08 12:37:53', 18),
(19, '4.00', '240.00', '2018-12-08 12:38:20', 19),
(20, '3.00', '180.00', '2018-12-08 12:38:49', 20),
(21, '20.00', '4700.00', '2018-12-08 12:39:12', 21),
(22, '30.00', '450.00', '2018-12-08 12:39:32', 22),
(23, '7.00', '10500.00', '2018-12-08 12:39:52', 23),
(24, '7.00', '10500.00', '2018-12-08 12:39:52', 24),
(25, '3.00', '7500.00', '2018-12-08 12:40:20', 25),
(26, '2.00', '3000.00', '2018-12-08 12:40:37', 26),
(27, '2.00', '1200.00', '2018-12-08 12:40:54', 27),
(28, '6.00', '1710.00', '2018-12-08 12:41:31', 28),
(29, '5.00', '2250.00', '2018-12-08 12:42:03', 29),
(30, '3.00', '1800.00', '2018-12-08 12:42:38', 30),
(31, '2.00', '50.00', '2018-12-08 12:42:56', 31),
(32, '5.00', '2500.00', '2018-12-08 12:43:09', 32),
(33, '4.00', '400.00', '2018-12-08 12:43:25', 33),
(34, '60.00', '1380.00', '2018-12-08 12:43:42', 34),
(35, '6.00', '1200.00', '2018-12-08 12:44:02', 35),
(36, '30.00', '1500.00', '2018-12-08 12:44:17', 36),
(37, '14.00', '11200.00', '2018-12-08 12:47:33', 37),
(38, '6.00', '9000.00', '2018-12-08 12:47:45', 38),
(39, '4.00', '728.00', '2018-12-08 12:48:03', 39),
(40, '5.00', '1175.00', '2018-12-08 14:05:57', 40),
(41, '15.00', '3525.00', '2018-10-18 03:10:54', 41),
(42, '50.00', '11750.00', '2018-10-18 03:12:25', 41),
(43, '10.00', '500.00', '2018-10-19 21:24:32', 42),
(44, '5.00', '75.00', '2018-10-19 21:24:46', 43),
(45, '2.00', '100.00', '2018-10-23 14:32:52', 42),
(46, '15.00', '3525.00', '2018-10-23 15:36:55', 44),
(47, '10.00', '8000.00', '2018-10-23 15:37:10', 45),
(48, '8.00', '12000.00', '2018-10-23 15:37:23', 46),
(49, '6.00', '1092.00', '2018-10-23 15:37:37', 47),
(50, '8.00', '976.00', '2018-10-23 15:37:48', 48),
(51, '10.00', '600.00', '2018-10-23 15:38:10', 49),
(52, '5.00', '250.00', '2018-10-23 15:38:46', 50),
(53, '14.00', '3290.00', '2018-10-23 15:39:07', 51),
(54, '3.00', '705.00', '2018-10-23 15:41:08', 44),
(55, '15.00', '3525.00', '2018-10-23 15:42:37', 52),
(56, '15.00', '3525.00', '2018-10-24 03:46:49', 53),
(57, '5.00', '1175.00', '2018-10-24 03:47:16', 53),
(58, '50.00', '40000.00', '2018-10-23 14:36:36', 54),
(59, '10.00', '8000.00', '2018-10-23 14:39:59', 54);

-- --------------------------------------------------------

--
-- Table structure for table `tblmaterialestimates`
--

CREATE TABLE `tblmaterialestimates` (
  `intMaterialEstimatesId` int(11) NOT NULL,
  `decQty` decimal(15,2) NOT NULL,
  `decCost` decimal(15,2) NOT NULL,
  `intMaterialId` int(11) NOT NULL,
  `intProjectId` int(11) NOT NULL,
  `intWorkSubCategoryId` int(11) NOT NULL
) ENGINE=InnoDB DEFAULT CHARSET=latin1;

--
-- Dumping data for table `tblmaterialestimates`
--

INSERT INTO `tblmaterialestimates` (`intMaterialEstimatesId`, `decQty`, `decCost`, `intMaterialId`, `intProjectId`, `intWorkSubCategoryId`) VALUES
(1, '14.00', '3290.00', 1, 2, 5),
(2, '0.80', '640.00', 2, 2, 5),
(3, '1.50', '2250.00', 3, 2, 5),
(4, '36.00', '6552.00', 4, 2, 5),
(5, '24.00', '2928.00', 5, 2, 5),
(6, '6.00', '360.00', 6, 2, 5),
(7, '6.50', '1527.50', 1, 2, 6),
(8, '0.50', '400.00', 2, 2, 6),
(9, '0.80', '1200.00', 3, 2, 6),
(10, '13.00', '2366.00', 4, 2, 6),
(11, '2.50', '150.00', 6, 2, 6),
(12, '25.00', '5875.00', 1, 2, 7),
(13, '3.00', '2400.00', 2, 2, 7),
(14, '6.00', '9000.00', 3, 2, 7),
(15, '40.00', '4880.00', 7, 2, 7),
(16, '2.00', '120.00', 6, 2, 7),
(17, '13.00', '3055.00', 1, 2, 11),
(18, '0.80', '640.00', 2, 2, 11),
(19, '1.60', '2400.00', 3, 2, 11),
(20, '37.00', '6734.00', 4, 2, 11),
(21, '38.00', '4636.00', 5, 2, 11),
(22, '7.00', '420.00', 6, 2, 11),
(23, '1.00', '235.00', 1, 2, 8),
(24, '0.10', '80.00', 2, 2, 8),
(25, '0.10', '150.00', 3, 2, 8),
(26, '3.00', '546.00', 4, 2, 8),
(27, '3.00', '366.00', 5, 2, 8),
(28, '0.50', '30.00', 6, 2, 8),
(29, '2.00', '470.00', 1, 2, 13),
(30, '0.20', '160.00', 2, 2, 13),
(31, '0.30', '450.00', 3, 2, 13),
(32, '12.00', '1464.00', 5, 2, 13),
(33, '2.00', '364.00', 4, 2, 13),
(34, '2.00', '120.00', 6, 2, 13),
(35, '20.00', '4700.00', 1, 2, 9),
(36, '1.00', '800.00', 2, 2, 9),
(37, '2.20', '3300.00', 3, 2, 9),
(38, '23.00', '4186.00', 4, 2, 9),
(39, '1.20', '72.00', 6, 2, 9),
(40, '60.00', '14100.00', 1, 2, 12),
(41, '8.00', '6400.00', 2, 2, 12),
(42, '85.00', '13600.00', 14, 2, 12),
(43, '1290.00', '19350.00', 15, 2, 12),
(44, '200.00', '2000.00', 16, 2, 12),
(45, '9.00', '540.00', 6, 2, 12),
(46, '50.00', '22500.00', 17, 2, 13),
(47, '9.00', '450.00', 18, 2, 13),
(48, '19.00', '1900.00', 19, 2, 13),
(49, '7.50', '375.00', 20, 2, 13),
(50, '28.00', '2100.00', 21, 2, 13),
(51, '30.00', '360.00', 37, 2, 17),
(52, '8.00', '3600.00', 38, 2, 17),
(53, '1.00', '600.00', 39, 2, 17),
(54, '60.00', '720.00', 37, 2, 18),
(55, '11.00', '4950.00', 40, 2, 18),
(56, '7.00', '4200.00', 41, 2, 18),
(57, '13.00', '7150.00', 42, 2, 18),
(58, '0.50', '1050.00', 43, 2, 19),
(59, '0.50', '1550.00', 44, 2, 19),
(60, '0.30', '1410.00', 45, 2, 19),
(61, '16.00', '1600.00', 46, 2, 19),
(62, '25.00', '75.00', 47, 2, 19),
(63, '18.00', '180.00', 48, 2, 19),
(64, '8.00', '4000.00', 49, 2, 19),
(65, '8.00', '200.00', 50, 2, 19),
(66, '4.00', '800.00', 51, 2, 19),
(67, '9.00', '1800.00', 52, 2, 19),
(68, '142.00', '6390.00', 71, 2, 21),
(69, '4.00', '800.00', 72, 2, 21),
(70, '2.00', '100.00', 73, 2, 21),
(71, '3.00', '7500.00', 22, 2, 14),
(72, '2.00', '3600.00', 23, 2, 14),
(73, '1.00', '1200.00', 24, 2, 14),
(74, '1.00', '4500.00', 25, 2, 15),
(75, '1.00', '3500.00', 26, 2, 15),
(76, '1.00', '2500.00', 27, 2, 15),
(77, '1.00', '150.00', 28, 2, 15),
(78, '1.00', '1500.00', 29, 2, 15),
(79, '2.00', '1200.00', 30, 2, 15),
(80, '3.00', '4500.00', 36, 2, 15),
(81, '14.00', '3290.00', 1, 3, 5),
(82, '0.80', '640.00', 2, 3, 5),
(83, '1.50', '2250.00', 3, 3, 5),
(84, '36.00', '6552.00', 4, 3, 5),
(85, '24.00', '2928.00', 5, 3, 5),
(86, '6.00', '360.00', 6, 3, 5),
(87, '6.50', '1527.50', 1, 3, 6),
(88, '0.50', '400.00', 2, 3, 6),
(89, '0.80', '1200.00', 3, 3, 6),
(90, '13.00', '2366.00', 4, 3, 6),
(91, '2.50', '150.00', 6, 3, 6),
(92, '25.00', '5875.00', 1, 3, 7),
(93, '3.00', '2400.00', 2, 3, 7),
(94, '6.00', '9000.00', 3, 3, 7),
(95, '40.00', '4880.00', 7, 3, 7),
(96, '2.00', '120.00', 6, 3, 7),
(97, '13.00', '3055.00', 1, 3, 11),
(98, '0.80', '640.00', 2, 3, 11),
(99, '1.60', '2400.00', 3, 3, 11),
(100, '37.00', '6734.00', 4, 3, 11),
(101, '38.00', '4636.00', 5, 3, 11),
(102, '7.00', '420.00', 6, 3, 11),
(103, '1.00', '235.00', 1, 3, 8),
(104, '0.10', '80.00', 2, 3, 8),
(105, '0.10', '150.00', 3, 3, 8),
(106, '3.00', '546.00', 4, 3, 8),
(107, '3.00', '366.00', 5, 3, 8),
(108, '0.50', '30.00', 6, 3, 8),
(109, '2.00', '470.00', 1, 3, 13),
(110, '0.20', '160.00', 2, 3, 13),
(111, '0.30', '450.00', 3, 3, 13),
(112, '12.00', '1464.00', 5, 3, 13),
(113, '2.00', '364.00', 4, 3, 13),
(114, '2.00', '120.00', 6, 3, 13),
(115, '20.00', '4700.00', 1, 3, 9),
(116, '1.00', '800.00', 2, 3, 9),
(117, '2.20', '3300.00', 3, 3, 9),
(118, '23.00', '4186.00', 4, 3, 9),
(119, '1.20', '72.00', 6, 3, 9),
(120, '60.00', '14100.00', 1, 3, 12),
(121, '8.00', '6400.00', 2, 3, 12),
(122, '85.00', '13600.00', 14, 3, 12),
(123, '1290.00', '19350.00', 15, 3, 12),
(124, '200.00', '2000.00', 16, 3, 12),
(125, '9.00', '540.00', 6, 3, 12),
(126, '50.00', '22500.00', 17, 3, 13),
(127, '9.00', '450.00', 18, 3, 13),
(128, '19.00', '1900.00', 19, 3, 13),
(129, '7.50', '375.00', 20, 3, 13),
(130, '28.00', '2100.00', 21, 3, 13),
(131, '30.00', '360.00', 37, 3, 17),
(132, '8.00', '3600.00', 38, 3, 17),
(133, '1.00', '600.00', 39, 3, 17),
(134, '60.00', '720.00', 37, 3, 18),
(135, '11.00', '4950.00', 40, 3, 18),
(136, '7.00', '4200.00', 41, 3, 18),
(137, '13.00', '7150.00', 42, 3, 18),
(138, '0.50', '1050.00', 43, 3, 19),
(139, '0.50', '1550.00', 44, 3, 19),
(140, '0.30', '1410.00', 45, 3, 19),
(141, '16.00', '1600.00', 46, 3, 19),
(142, '25.00', '75.00', 47, 3, 19),
(143, '18.00', '180.00', 48, 3, 19),
(144, '8.00', '4000.00', 49, 3, 19),
(145, '8.00', '200.00', 50, 3, 19),
(146, '4.00', '800.00', 51, 3, 19),
(147, '9.00', '1800.00', 52, 3, 19),
(148, '142.00', '6390.00', 71, 3, 21),
(149, '4.00', '800.00', 72, 3, 21),
(150, '2.00', '100.00', 73, 3, 21),
(151, '3.00', '7500.00', 22, 3, 14),
(152, '2.00', '3600.00', 23, 3, 14),
(153, '1.00', '1200.00', 24, 3, 14),
(154, '1.00', '4500.00', 25, 3, 15),
(155, '1.00', '3500.00', 26, 3, 15),
(156, '1.00', '2500.00', 27, 3, 15),
(157, '1.00', '150.00', 28, 3, 15),
(158, '1.00', '1500.00', 29, 3, 15),
(159, '2.00', '1200.00', 30, 3, 15),
(160, '3.00', '4500.00', 36, 3, 15),
(161, '14.00', '3290.00', 1, 4, 5),
(162, '0.80', '640.00', 2, 4, 5),
(163, '1.50', '2250.00', 3, 4, 5),
(164, '36.00', '6552.00', 4, 4, 5),
(165, '24.00', '2928.00', 5, 4, 5),
(166, '6.00', '360.00', 6, 4, 5),
(167, '6.50', '1527.50', 1, 4, 6),
(168, '0.50', '400.00', 2, 4, 6),
(169, '0.80', '1200.00', 3, 4, 6),
(170, '13.00', '2366.00', 4, 4, 6),
(171, '2.50', '150.00', 6, 4, 6),
(172, '25.00', '5875.00', 1, 4, 7),
(173, '3.00', '2400.00', 2, 4, 7),
(174, '6.00', '9000.00', 3, 4, 7),
(175, '40.00', '4880.00', 7, 4, 7),
(176, '2.00', '120.00', 6, 4, 7),
(177, '13.00', '3055.00', 1, 4, 11),
(178, '0.80', '640.00', 2, 4, 11),
(179, '1.60', '2400.00', 3, 4, 11),
(180, '37.00', '6734.00', 4, 4, 11),
(181, '38.00', '4636.00', 5, 4, 11),
(182, '7.00', '420.00', 6, 4, 11),
(183, '1.00', '235.00', 1, 4, 8),
(184, '0.10', '80.00', 2, 4, 8),
(185, '0.10', '150.00', 3, 4, 8),
(186, '3.00', '546.00', 4, 4, 8),
(187, '3.00', '366.00', 5, 4, 8),
(188, '0.50', '30.00', 6, 4, 8),
(189, '2.00', '470.00', 1, 4, 13),
(190, '0.20', '160.00', 2, 4, 13),
(191, '0.30', '450.00', 3, 4, 13),
(192, '12.00', '1464.00', 5, 4, 13),
(193, '2.00', '364.00', 4, 4, 13),
(194, '2.00', '120.00', 6, 4, 13),
(195, '20.00', '4700.00', 1, 4, 9),
(196, '1.00', '800.00', 2, 4, 9),
(197, '2.20', '3300.00', 3, 4, 9),
(198, '23.00', '4186.00', 4, 4, 9),
(199, '1.20', '72.00', 6, 4, 9),
(200, '60.00', '14100.00', 1, 4, 12),
(201, '8.00', '6400.00', 2, 4, 12),
(202, '85.00', '13600.00', 14, 4, 12),
(203, '1290.00', '19350.00', 15, 4, 12),
(204, '200.00', '2000.00', 16, 4, 12),
(205, '9.00', '540.00', 6, 4, 12),
(206, '50.00', '22500.00', 17, 4, 13),
(207, '9.00', '450.00', 18, 4, 13),
(208, '19.00', '1900.00', 19, 4, 13),
(209, '7.50', '375.00', 20, 4, 13),
(210, '28.00', '2100.00', 21, 4, 13),
(211, '30.00', '360.00', 37, 4, 17),
(212, '8.00', '3600.00', 38, 4, 17),
(213, '1.00', '600.00', 39, 4, 17),
(214, '60.00', '720.00', 37, 4, 18),
(215, '11.00', '4950.00', 40, 4, 18),
(216, '7.00', '4200.00', 41, 4, 18),
(217, '13.00', '7150.00', 42, 4, 18),
(218, '0.50', '1050.00', 43, 4, 19),
(219, '0.50', '1550.00', 44, 4, 19),
(220, '0.30', '1410.00', 45, 4, 19),
(221, '16.00', '1600.00', 46, 4, 19),
(222, '25.00', '75.00', 47, 4, 19),
(223, '18.00', '180.00', 48, 4, 19),
(224, '8.00', '4000.00', 49, 4, 19),
(225, '8.00', '200.00', 50, 4, 19),
(226, '4.00', '800.00', 51, 4, 19),
(227, '9.00', '1800.00', 52, 4, 19),
(228, '142.00', '6390.00', 71, 4, 21),
(229, '4.00', '800.00', 72, 4, 21),
(230, '2.00', '100.00', 73, 4, 21),
(231, '3.00', '7500.00', 22, 4, 14),
(232, '2.00', '3600.00', 23, 4, 14),
(233, '1.00', '1200.00', 24, 4, 14),
(234, '1.00', '4500.00', 25, 4, 15),
(235, '1.00', '3500.00', 26, 4, 15),
(236, '1.00', '2500.00', 27, 4, 15),
(237, '1.00', '150.00', 28, 4, 15),
(238, '1.00', '1500.00', 29, 4, 15),
(239, '2.00', '1200.00', 30, 4, 15),
(240, '3.00', '4500.00', 36, 4, 15),
(241, '14.00', '3290.00', 1, 5, 5),
(242, '0.80', '640.00', 2, 5, 5),
(243, '1.50', '2250.00', 3, 5, 5),
(244, '36.00', '6552.00', 4, 5, 5),
(245, '24.00', '2928.00', 5, 5, 5),
(246, '6.00', '360.00', 6, 5, 5),
(247, '6.50', '1527.50', 1, 5, 6),
(248, '0.50', '400.00', 2, 5, 6),
(249, '0.80', '1200.00', 3, 5, 6),
(250, '13.00', '2366.00', 4, 5, 6),
(251, '2.50', '150.00', 6, 5, 6),
(252, '25.00', '5875.00', 1, 5, 7),
(253, '3.00', '2400.00', 2, 5, 7),
(254, '6.00', '9000.00', 3, 5, 7),
(255, '40.00', '4880.00', 7, 5, 7),
(256, '2.00', '120.00', 6, 5, 7),
(257, '13.00', '3055.00', 1, 5, 11),
(258, '0.80', '640.00', 2, 5, 11),
(259, '1.60', '2400.00', 3, 5, 11),
(260, '37.00', '6734.00', 4, 5, 11),
(261, '38.00', '4636.00', 5, 5, 11),
(262, '7.00', '420.00', 6, 5, 11),
(263, '1.00', '235.00', 1, 5, 8),
(264, '0.10', '80.00', 2, 5, 8),
(265, '0.10', '150.00', 3, 5, 8),
(266, '3.00', '546.00', 4, 5, 8),
(267, '3.00', '366.00', 5, 5, 8),
(268, '0.50', '30.00', 6, 5, 8),
(269, '2.00', '470.00', 1, 5, 13),
(270, '0.20', '160.00', 2, 5, 13),
(271, '0.30', '450.00', 3, 5, 13),
(272, '12.00', '1464.00', 5, 5, 13),
(273, '2.00', '364.00', 4, 5, 13),
(274, '2.00', '120.00', 6, 5, 13),
(275, '20.00', '4700.00', 1, 5, 9),
(276, '1.00', '800.00', 2, 5, 9),
(277, '2.20', '3300.00', 3, 5, 9),
(278, '23.00', '4186.00', 4, 5, 9),
(279, '1.20', '72.00', 6, 5, 9),
(280, '60.00', '14100.00', 1, 5, 12),
(281, '8.00', '6400.00', 2, 5, 12),
(282, '85.00', '13600.00', 14, 5, 12),
(283, '1290.00', '19350.00', 15, 5, 12),
(284, '200.00', '2000.00', 16, 5, 12),
(285, '9.00', '540.00', 6, 5, 12),
(286, '50.00', '22500.00', 17, 5, 13),
(287, '9.00', '450.00', 18, 5, 13),
(288, '19.00', '1900.00', 19, 5, 13),
(289, '7.50', '375.00', 20, 5, 13),
(290, '28.00', '2100.00', 21, 5, 13),
(291, '30.00', '360.00', 37, 5, 17),
(292, '8.00', '3600.00', 38, 5, 17),
(293, '1.00', '600.00', 39, 5, 17),
(294, '60.00', '720.00', 37, 5, 18),
(295, '11.00', '4950.00', 40, 5, 18),
(296, '7.00', '4200.00', 41, 5, 18),
(297, '13.00', '7150.00', 42, 5, 18),
(298, '0.50', '1050.00', 43, 5, 19),
(299, '0.50', '1550.00', 44, 5, 19),
(300, '0.30', '1410.00', 45, 5, 19),
(301, '16.00', '1600.00', 46, 5, 19),
(302, '25.00', '75.00', 47, 5, 19),
(303, '18.00', '180.00', 48, 5, 19),
(304, '8.00', '4000.00', 49, 5, 19),
(305, '8.00', '200.00', 50, 5, 19),
(306, '4.00', '800.00', 51, 5, 19),
(307, '9.00', '1800.00', 52, 5, 19),
(308, '142.00', '6390.00', 71, 5, 21),
(309, '4.00', '800.00', 72, 5, 21),
(310, '2.00', '100.00', 73, 5, 21),
(311, '3.00', '7500.00', 22, 5, 14),
(312, '2.00', '3600.00', 23, 5, 14),
(313, '1.00', '1200.00', 24, 5, 14),
(314, '1.00', '4500.00', 25, 5, 15),
(315, '1.00', '3500.00', 26, 5, 15),
(316, '1.00', '2500.00', 27, 5, 15),
(317, '1.00', '150.00', 28, 5, 15),
(318, '1.00', '1500.00', 29, 5, 15),
(319, '2.00', '1200.00', 30, 5, 15),
(320, '3.00', '4500.00', 36, 5, 15),
(321, '28.40', '6674.00', 1, 9, 5),
(322, '1.60', '1280.00', 2, 9, 5),
(323, '3.10', '4650.00', 3, 9, 5),
(324, '40.00', '7280.00', 4, 9, 5),
(325, '24.00', '2928.00', 5, 9, 5),
(326, '6.03', '360.00', 6, 9, 5),
(327, '12.50', '2937.50', 1, 9, 6),
(328, '0.90', '720.00', 2, 9, 6),
(329, '1.60', '2400.00', 3, 9, 6),
(330, '17.00', '3094.00', 4, 9, 6),
(331, '3.78', '226.53', 6, 9, 6),
(332, '25.00', '5875.00', 1, 9, 7),
(333, '3.00', '2400.00', 2, 9, 7),
(334, '6.00', '9000.00', 3, 9, 7),
(335, '40.00', '4880.00', 7, 9, 7),
(336, '2.00', '120.00', 6, 9, 7),
(337, '13.00', '3055.00', 1, 9, 11),
(338, '0.80', '640.00', 2, 9, 11),
(339, '1.60', '2400.00', 3, 9, 11),
(340, '37.00', '6734.00', 4, 9, 11),
(341, '38.00', '4636.00', 5, 9, 11),
(342, '7.00', '420.00', 6, 9, 11),
(343, '1.00', '235.00', 1, 9, 8),
(344, '0.10', '80.00', 2, 9, 8),
(345, '0.10', '150.00', 3, 9, 8),
(346, '3.00', '546.00', 4, 9, 8),
(347, '3.00', '366.00', 5, 9, 8),
(348, '0.50', '30.00', 6, 9, 8),
(349, '2.00', '470.00', 1, 9, 13),
(350, '0.20', '160.00', 2, 9, 13),
(351, '0.30', '450.00', 3, 9, 13),
(352, '12.00', '1464.00', 5, 9, 13),
(353, '2.00', '364.00', 4, 9, 13),
(354, '2.00', '120.00', 6, 9, 13),
(355, '20.00', '4700.00', 1, 9, 9),
(356, '1.00', '800.00', 2, 9, 9),
(357, '2.20', '3300.00', 3, 9, 9),
(358, '23.00', '4186.00', 4, 9, 9),
(359, '1.20', '72.00', 6, 9, 9),
(360, '60.00', '14100.00', 1, 9, 12),
(361, '8.00', '6400.00', 2, 9, 12),
(362, '85.00', '13600.00', 14, 9, 12),
(363, '1290.00', '19350.00', 15, 9, 12),
(364, '200.00', '2000.00', 16, 9, 12),
(365, '9.00', '540.00', 6, 9, 12),
(366, '50.00', '22500.00', 17, 9, 13),
(367, '9.00', '450.00', 18, 9, 13),
(368, '19.00', '1900.00', 19, 9, 13),
(369, '7.50', '375.00', 20, 9, 13),
(370, '28.00', '2100.00', 21, 9, 13),
(371, '30.00', '360.00', 37, 9, 17),
(372, '8.00', '3600.00', 38, 9, 17),
(373, '1.00', '600.00', 39, 9, 17),
(374, '60.00', '720.00', 37, 9, 18),
(375, '11.00', '4950.00', 40, 9, 18),
(376, '7.00', '4200.00', 41, 9, 18),
(377, '13.00', '7150.00', 42, 9, 18),
(378, '0.50', '1050.00', 43, 9, 19),
(379, '0.50', '1550.00', 44, 9, 19),
(380, '0.30', '900.00', 45, 9, 19),
(381, '16.00', '1600.00', 46, 9, 19),
(382, '25.00', '75.00', 47, 9, 19),
(383, '18.00', '180.00', 48, 9, 19),
(384, '8.00', '4000.00', 49, 9, 19),
(385, '8.00', '200.00', 50, 9, 19),
(386, '4.00', '800.00', 51, 9, 19),
(387, '9.00', '1800.00', 52, 9, 19),
(388, '142.00', '6390.00', 71, 9, 21),
(389, '4.00', '800.00', 72, 9, 21),
(390, '2.00', '100.00', 73, 9, 21),
(391, '3.00', '7500.00', 22, 9, 14),
(392, '2.00', '3600.00', 23, 9, 14),
(393, '1.00', '1200.00', 24, 9, 14),
(394, '1.00', '4500.00', 25, 9, 15),
(395, '1.00', '3500.00', 26, 9, 15),
(396, '1.00', '2500.00', 27, 9, 15),
(397, '1.00', '150.00', 28, 9, 15),
(398, '1.00', '1500.00', 29, 9, 15),
(399, '2.00', '1200.00', 30, 9, 15),
(400, '3.00', '4500.00', 36, 9, 15),
(401, '28.40', '6674.00', 1, 10, 5),
(402, '1.60', '1280.00', 2, 10, 5),
(403, '3.10', '4650.00', 3, 10, 5),
(404, '40.00', '7280.00', 4, 10, 5),
(405, '24.00', '2928.00', 5, 10, 5),
(406, '6.03', '360.00', 6, 10, 5),
(407, '12.50', '2937.50', 1, 10, 6),
(408, '0.90', '720.00', 2, 10, 6),
(409, '1.60', '2400.00', 3, 10, 6),
(410, '17.00', '3094.00', 4, 10, 6),
(411, '3.78', '226.53', 6, 10, 6),
(412, '61.00', '14335.00', 1, 10, 7),
(413, '6.00', '4800.00', 2, 10, 7),
(414, '12.00', '18000.00', 3, 10, 7),
(415, '53.00', '6466.00', 7, 10, 7),
(416, '4.00', '240.00', 6, 10, 7),
(417, '13.00', '3055.00', 1, 10, 11),
(418, '0.80', '640.00', 2, 10, 11),
(419, '1.60', '2400.00', 3, 10, 11),
(420, '37.00', '6734.00', 4, 10, 11),
(421, '38.00', '4636.00', 5, 10, 11),
(422, '7.00', '420.00', 6, 10, 11),
(423, '1.00', '235.00', 1, 10, 8),
(424, '0.10', '80.00', 2, 10, 8),
(425, '0.10', '150.00', 3, 10, 8),
(426, '3.00', '546.00', 4, 10, 8),
(427, '3.00', '366.00', 5, 10, 8),
(428, '0.50', '30.00', 6, 10, 8),
(429, '2.00', '470.00', 1, 10, 13),
(430, '0.20', '160.00', 2, 10, 13),
(431, '0.30', '450.00', 3, 10, 13),
(432, '12.00', '1464.00', 5, 10, 13),
(433, '2.00', '364.00', 4, 10, 13),
(434, '2.00', '120.00', 6, 10, 13),
(435, '20.00', '4700.00', 1, 10, 9),
(436, '1.00', '800.00', 2, 10, 9),
(437, '2.20', '3300.00', 3, 10, 9),
(438, '23.00', '4186.00', 4, 10, 9),
(439, '1.20', '72.00', 6, 10, 9),
(440, '60.00', '14100.00', 1, 10, 12),
(441, '8.00', '6400.00', 2, 10, 12),
(442, '85.00', '13600.00', 14, 10, 12),
(443, '1290.00', '19350.00', 15, 10, 12),
(444, '200.00', '2000.00', 16, 10, 12),
(445, '9.00', '540.00', 6, 10, 12),
(446, '50.00', '22500.00', 17, 10, 13),
(447, '9.00', '450.00', 18, 10, 13),
(448, '19.00', '1900.00', 19, 10, 13),
(449, '7.50', '375.00', 20, 10, 13),
(450, '28.00', '2100.00', 21, 10, 13),
(451, '30.00', '360.00', 37, 10, 17),
(452, '8.00', '3600.00', 38, 10, 17),
(453, '1.00', '600.00', 39, 10, 17),
(454, '60.00', '720.00', 37, 10, 18),
(455, '11.00', '4950.00', 40, 10, 18),
(456, '7.00', '4200.00', 41, 10, 18),
(457, '13.00', '7150.00', 42, 10, 18),
(458, '0.50', '1050.00', 43, 10, 19),
(459, '0.50', '1550.00', 44, 10, 19),
(460, '0.30', '900.00', 45, 10, 19),
(461, '16.00', '1600.00', 46, 10, 19),
(462, '25.00', '75.00', 47, 10, 19),
(463, '18.00', '180.00', 48, 10, 19),
(464, '8.00', '4000.00', 49, 10, 19),
(465, '8.00', '200.00', 50, 10, 19),
(466, '4.00', '800.00', 51, 10, 19),
(467, '9.00', '1800.00', 52, 10, 19),
(468, '142.00', '6390.00', 71, 10, 21),
(469, '4.00', '800.00', 72, 10, 21),
(470, '2.00', '100.00', 73, 10, 21),
(471, '3.00', '7500.00', 22, 10, 14),
(472, '2.00', '3600.00', 23, 10, 14),
(473, '1.00', '1200.00', 24, 10, 14),
(474, '1.00', '4500.00', 25, 10, 15),
(475, '1.00', '3500.00', 26, 10, 15),
(476, '1.00', '2500.00', 27, 10, 15),
(477, '1.00', '150.00', 28, 10, 15),
(478, '1.00', '1500.00', 29, 10, 15),
(479, '2.00', '1200.00', 30, 10, 15),
(480, '3.00', '4500.00', 36, 10, 15),
(481, '28.40', '6674.00', 1, 11, 5),
(482, '1.60', '1280.00', 2, 11, 5),
(483, '3.10', '4650.00', 3, 11, 5),
(484, '40.00', '7280.00', 4, 11, 5),
(485, '24.00', '2928.00', 5, 11, 5),
(486, '6.03', '360.00', 6, 11, 5),
(487, '6.50', '1527.50', 1, 11, 6),
(488, '0.50', '400.00', 2, 11, 6),
(489, '0.80', '1200.00', 3, 11, 6),
(490, '13.00', '2366.00', 4, 11, 6),
(491, '2.50', '150.00', 6, 11, 6),
(492, '25.00', '5875.00', 1, 11, 7),
(493, '3.00', '2400.00', 2, 11, 7),
(494, '6.00', '9000.00', 3, 11, 7),
(495, '40.00', '4880.00', 7, 11, 7),
(496, '2.00', '120.00', 6, 11, 7),
(497, '13.00', '3055.00', 1, 11, 11),
(498, '0.80', '640.00', 2, 11, 11),
(499, '1.60', '2400.00', 3, 11, 11),
(500, '37.00', '6734.00', 4, 11, 11),
(501, '38.00', '4636.00', 5, 11, 11),
(502, '7.00', '420.00', 6, 11, 11),
(503, '1.00', '235.00', 1, 11, 8),
(504, '0.10', '80.00', 2, 11, 8),
(505, '0.10', '150.00', 3, 11, 8),
(506, '3.00', '546.00', 4, 11, 8),
(507, '3.00', '366.00', 5, 11, 8),
(508, '0.50', '30.00', 6, 11, 8),
(509, '2.00', '470.00', 1, 11, 13),
(510, '0.20', '160.00', 2, 11, 13),
(511, '0.30', '450.00', 3, 11, 13),
(512, '12.00', '1464.00', 5, 11, 13),
(513, '2.00', '364.00', 4, 11, 13),
(514, '2.00', '120.00', 6, 11, 13),
(515, '20.00', '4700.00', 1, 11, 9),
(516, '1.00', '800.00', 2, 11, 9),
(517, '2.20', '3300.00', 3, 11, 9),
(518, '23.00', '4186.00', 4, 11, 9),
(519, '1.20', '72.00', 6, 11, 9),
(520, '60.00', '14100.00', 1, 11, 12),
(521, '8.00', '6400.00', 2, 11, 12),
(522, '85.00', '13600.00', 14, 11, 12),
(523, '1290.00', '19350.00', 15, 11, 12),
(524, '200.00', '2000.00', 16, 11, 12),
(525, '9.00', '540.00', 6, 11, 12),
(526, '50.00', '22500.00', 17, 11, 13),
(527, '9.00', '450.00', 18, 11, 13),
(528, '19.00', '1900.00', 19, 11, 13),
(529, '7.50', '375.00', 20, 11, 13),
(530, '28.00', '2100.00', 21, 11, 13),
(531, '30.00', '360.00', 37, 11, 17),
(532, '8.00', '3600.00', 38, 11, 17),
(533, '1.00', '600.00', 39, 11, 17),
(534, '60.00', '720.00', 37, 11, 18),
(535, '11.00', '4950.00', 40, 11, 18),
(536, '7.00', '4200.00', 41, 11, 18),
(537, '13.00', '7150.00', 42, 11, 18),
(538, '0.50', '1050.00', 43, 11, 19),
(539, '0.50', '1550.00', 44, 11, 19),
(540, '0.30', '900.00', 45, 11, 19),
(541, '16.00', '1600.00', 46, 11, 19),
(542, '25.00', '75.00', 47, 11, 19),
(543, '18.00', '180.00', 48, 11, 19),
(544, '8.00', '4000.00', 49, 11, 19),
(545, '8.00', '200.00', 50, 11, 19),
(546, '4.00', '800.00', 51, 11, 19),
(547, '9.00', '1800.00', 52, 11, 19),
(548, '142.00', '6390.00', 71, 11, 21),
(549, '4.00', '800.00', 72, 11, 21),
(550, '2.00', '100.00', 73, 11, 21),
(551, '3.00', '7500.00', 22, 11, 14),
(552, '2.00', '3600.00', 23, 11, 14),
(553, '1.00', '1200.00', 24, 11, 14),
(554, '1.00', '4500.00', 25, 11, 15),
(555, '1.00', '3500.00', 26, 11, 15),
(556, '1.00', '2500.00', 27, 11, 15),
(557, '1.00', '150.00', 28, 11, 15),
(558, '1.00', '1500.00', 29, 11, 15),
(559, '2.00', '1200.00', 30, 11, 15),
(560, '3.00', '4500.00', 36, 11, 15),
(561, '28.40', '6674.00', 1, 12, 5),
(562, '1.60', '1280.00', 2, 12, 5),
(563, '3.10', '4650.00', 3, 12, 5),
(564, '40.00', '7280.00', 4, 12, 5),
(565, '24.00', '2928.00', 5, 12, 5),
(566, '6.03', '360.00', 6, 12, 5),
(567, '6.50', '1527.50', 1, 12, 6),
(568, '0.50', '400.00', 2, 12, 6),
(569, '0.80', '1200.00', 3, 12, 6),
(570, '13.00', '2366.00', 4, 12, 6),
(571, '2.50', '150.00', 6, 12, 6),
(572, '25.00', '5875.00', 1, 12, 7),
(573, '3.00', '2400.00', 2, 12, 7),
(574, '6.00', '9000.00', 3, 12, 7),
(575, '40.00', '4880.00', 7, 12, 7),
(576, '2.00', '120.00', 6, 12, 7),
(577, '13.00', '3055.00', 1, 12, 11),
(578, '0.80', '640.00', 2, 12, 11),
(579, '1.60', '2400.00', 3, 12, 11),
(580, '37.00', '6734.00', 4, 12, 11),
(581, '38.00', '4636.00', 5, 12, 11),
(582, '7.00', '420.00', 6, 12, 11),
(583, '1.00', '235.00', 1, 12, 8),
(584, '0.10', '80.00', 2, 12, 8),
(585, '0.10', '150.00', 3, 12, 8),
(586, '3.00', '546.00', 4, 12, 8),
(587, '3.00', '366.00', 5, 12, 8),
(588, '0.50', '30.00', 6, 12, 8),
(589, '2.00', '470.00', 1, 12, 13),
(590, '0.20', '160.00', 2, 12, 13),
(591, '0.30', '450.00', 3, 12, 13),
(592, '12.00', '1464.00', 5, 12, 13),
(593, '2.00', '364.00', 4, 12, 13),
(594, '2.00', '120.00', 6, 12, 13),
(595, '20.00', '4700.00', 1, 12, 9),
(596, '1.00', '800.00', 2, 12, 9),
(597, '2.20', '3300.00', 3, 12, 9),
(598, '23.00', '4186.00', 4, 12, 9),
(599, '1.20', '72.00', 6, 12, 9),
(600, '60.00', '14100.00', 1, 12, 12),
(601, '8.00', '6400.00', 2, 12, 12),
(602, '85.00', '13600.00', 14, 12, 12),
(603, '1290.00', '19350.00', 15, 12, 12),
(604, '200.00', '2000.00', 16, 12, 12),
(605, '9.00', '540.00', 6, 12, 12),
(606, '50.00', '22500.00', 17, 12, 13),
(607, '9.00', '450.00', 18, 12, 13),
(608, '19.00', '1900.00', 19, 12, 13),
(609, '7.50', '375.00', 20, 12, 13),
(610, '28.00', '2100.00', 21, 12, 13),
(611, '30.00', '360.00', 37, 12, 17),
(612, '8.00', '3600.00', 38, 12, 17),
(613, '1.00', '600.00', 39, 12, 17),
(614, '60.00', '720.00', 37, 12, 18),
(615, '11.00', '4950.00', 40, 12, 18),
(616, '7.00', '4200.00', 41, 12, 18),
(617, '13.00', '7150.00', 42, 12, 18),
(618, '0.50', '1050.00', 43, 12, 19),
(619, '0.50', '1550.00', 44, 12, 19),
(620, '0.30', '900.00', 45, 12, 19),
(621, '16.00', '1600.00', 46, 12, 19),
(622, '25.00', '75.00', 47, 12, 19),
(623, '18.00', '180.00', 48, 12, 19),
(624, '8.00', '4000.00', 49, 12, 19),
(625, '8.00', '200.00', 50, 12, 19),
(626, '4.00', '800.00', 51, 12, 19),
(627, '9.00', '1800.00', 52, 12, 19),
(628, '142.00', '6390.00', 71, 12, 21),
(629, '4.00', '800.00', 72, 12, 21),
(630, '2.00', '100.00', 73, 12, 21),
(631, '3.00', '7500.00', 22, 12, 14),
(632, '2.00', '3600.00', 23, 12, 14),
(633, '1.00', '1200.00', 24, 12, 14),
(634, '1.00', '4500.00', 25, 12, 15),
(635, '1.00', '3500.00', 26, 12, 15),
(636, '1.00', '2500.00', 27, 12, 15),
(637, '1.00', '150.00', 28, 12, 15),
(638, '1.00', '1500.00', 29, 12, 15),
(639, '2.00', '1200.00', 30, 12, 15),
(640, '3.00', '4500.00', 36, 12, 15),
(641, '42.80', '10058.00', 1, 13, 5),
(642, '2.40', '1920.00', 2, 13, 5),
(643, '4.70', '7050.00', 3, 13, 5),
(644, '44.00', '8008.00', 4, 13, 5),
(645, '24.00', '2928.00', 5, 13, 5),
(646, '6.06', '360.00', 6, 13, 5),
(647, '6.50', '1527.50', 1, 13, 6),
(648, '0.50', '400.00', 2, 13, 6),
(649, '0.80', '1200.00', 3, 13, 6),
(650, '13.00', '2366.00', 4, 13, 6),
(651, '2.50', '150.00', 6, 13, 6),
(652, '25.00', '5875.00', 1, 13, 7),
(653, '3.00', '2400.00', 2, 13, 7),
(654, '6.00', '9000.00', 3, 13, 7),
(655, '40.00', '4880.00', 7, 13, 7),
(656, '2.00', '120.00', 6, 13, 7),
(657, '13.00', '3055.00', 1, 13, 11),
(658, '0.80', '640.00', 2, 13, 11),
(659, '1.60', '2400.00', 3, 13, 11),
(660, '37.00', '6734.00', 4, 13, 11),
(661, '38.00', '4636.00', 5, 13, 11),
(662, '7.00', '420.00', 6, 13, 11),
(663, '1.00', '235.00', 1, 13, 8),
(664, '0.10', '80.00', 2, 13, 8),
(665, '0.10', '150.00', 3, 13, 8),
(666, '3.00', '546.00', 4, 13, 8),
(667, '3.00', '366.00', 5, 13, 8),
(668, '0.50', '30.00', 6, 13, 8),
(669, '2.00', '470.00', 1, 13, 13),
(670, '0.20', '160.00', 2, 13, 13),
(671, '0.30', '450.00', 3, 13, 13),
(672, '12.00', '1464.00', 5, 13, 13),
(673, '2.00', '364.00', 4, 13, 13),
(674, '2.00', '120.00', 6, 13, 13),
(675, '20.00', '4700.00', 1, 13, 9),
(676, '1.00', '800.00', 2, 13, 9),
(677, '2.20', '3300.00', 3, 13, 9),
(678, '23.00', '4186.00', 4, 13, 9),
(679, '1.20', '72.00', 6, 13, 9),
(680, '60.00', '14100.00', 1, 13, 12),
(681, '8.00', '6400.00', 2, 13, 12),
(682, '85.00', '13600.00', 14, 13, 12),
(683, '1290.00', '19350.00', 15, 13, 12),
(684, '200.00', '2000.00', 16, 13, 12),
(685, '9.00', '540.00', 6, 13, 12),
(686, '50.00', '22500.00', 17, 13, 13),
(687, '9.00', '450.00', 18, 13, 13),
(688, '19.00', '1900.00', 19, 13, 13),
(689, '7.50', '375.00', 20, 13, 13),
(690, '28.00', '2100.00', 21, 13, 13),
(691, '30.00', '360.00', 37, 13, 17),
(692, '8.00', '3600.00', 38, 13, 17),
(693, '1.00', '600.00', 39, 13, 17),
(694, '60.00', '720.00', 37, 13, 18),
(695, '11.00', '4950.00', 40, 13, 18),
(696, '7.00', '4200.00', 41, 13, 18),
(697, '13.00', '7150.00', 42, 13, 18),
(698, '0.50', '1050.00', 43, 13, 19),
(699, '0.50', '1550.00', 44, 13, 19),
(700, '0.30', '900.00', 45, 13, 19),
(701, '16.00', '1600.00', 46, 13, 19),
(702, '25.00', '75.00', 47, 13, 19),
(703, '18.00', '180.00', 48, 13, 19),
(704, '8.00', '4000.00', 49, 13, 19),
(705, '8.00', '200.00', 50, 13, 19),
(706, '4.00', '800.00', 51, 13, 19),
(707, '9.00', '1800.00', 52, 13, 19),
(708, '142.00', '6390.00', 71, 13, 21),
(709, '4.00', '800.00', 72, 13, 21),
(710, '2.00', '100.00', 73, 13, 21),
(711, '3.00', '7500.00', 22, 13, 14),
(712, '2.00', '3600.00', 23, 13, 14),
(713, '1.00', '1200.00', 24, 13, 14),
(714, '1.00', '4500.00', 25, 13, 15),
(715, '1.00', '3500.00', 26, 13, 15),
(716, '1.00', '2500.00', 27, 13, 15),
(717, '1.00', '150.00', 28, 13, 15),
(718, '1.00', '1500.00', 29, 13, 15),
(719, '2.00', '1200.00', 30, 13, 15),
(720, '3.00', '4500.00', 36, 13, 15),
(721, '14.00', '3290.00', 1, 1, 5),
(722, '0.80', '640.00', 2, 1, 5),
(723, '1.50', '2250.00', 3, 1, 5),
(724, '36.00', '6552.00', 4, 1, 5),
(725, '24.00', '2928.00', 5, 1, 5),
(726, '6.00', '360.00', 6, 1, 5),
(727, '6.50', '1527.50', 1, 1, 6),
(728, '0.50', '400.00', 2, 1, 6),
(729, '0.80', '1200.00', 3, 1, 6),
(730, '13.00', '2366.00', 4, 1, 6),
(731, '2.50', '150.00', 6, 1, 6),
(732, '25.00', '5875.00', 1, 1, 7),
(733, '3.00', '2400.00', 2, 1, 7),
(734, '6.00', '9000.00', 3, 1, 7),
(735, '40.00', '4880.00', 7, 1, 7),
(736, '2.00', '120.00', 6, 1, 7),
(737, '13.00', '3055.00', 1, 1, 11),
(738, '0.80', '640.00', 2, 1, 11),
(739, '1.60', '2400.00', 3, 1, 11),
(740, '37.00', '6734.00', 4, 1, 11),
(741, '38.00', '4636.00', 5, 1, 11),
(742, '7.00', '420.00', 6, 1, 11),
(743, '1.00', '235.00', 1, 1, 8),
(744, '0.10', '80.00', 2, 1, 8),
(745, '0.10', '150.00', 3, 1, 8),
(746, '3.00', '546.00', 4, 1, 8),
(747, '3.00', '366.00', 5, 1, 8),
(748, '0.50', '30.00', 6, 1, 8),
(749, '2.00', '470.00', 1, 1, 13),
(750, '0.20', '160.00', 2, 1, 13),
(751, '0.30', '450.00', 3, 1, 13),
(752, '12.00', '1464.00', 5, 1, 13),
(753, '2.00', '364.00', 4, 1, 13),
(754, '2.00', '120.00', 6, 1, 13),
(755, '20.00', '4700.00', 1, 1, 9),
(756, '1.00', '800.00', 2, 1, 9),
(757, '2.20', '3300.00', 3, 1, 9),
(758, '23.00', '4186.00', 4, 1, 9),
(759, '1.20', '72.00', 6, 1, 9),
(760, '60.00', '14100.00', 1, 1, 12),
(761, '8.00', '6400.00', 2, 1, 12),
(762, '85.00', '13600.00', 14, 1, 12),
(763, '1290.00', '19350.00', 15, 1, 12),
(764, '200.00', '2000.00', 16, 1, 12),
(765, '9.00', '540.00', 6, 1, 12),
(766, '50.00', '22500.00', 17, 1, 13),
(767, '9.00', '450.00', 18, 1, 13),
(768, '19.00', '1900.00', 19, 1, 13),
(769, '7.50', '375.00', 20, 1, 13),
(770, '28.00', '2100.00', 21, 1, 13),
(771, '30.00', '360.00', 37, 1, 17),
(772, '8.00', '3600.00', 38, 1, 17),
(773, '1.00', '600.00', 39, 1, 17),
(774, '60.00', '720.00', 37, 1, 18),
(775, '11.00', '4950.00', 40, 1, 18),
(776, '7.00', '4200.00', 41, 1, 18),
(777, '13.00', '7150.00', 42, 1, 18),
(778, '0.50', '1050.00', 43, 1, 19),
(779, '0.50', '1550.00', 44, 1, 19),
(780, '0.30', '900.00', 45, 1, 19),
(781, '16.00', '1600.00', 46, 1, 19),
(782, '25.00', '75.00', 47, 1, 19),
(783, '18.00', '180.00', 48, 1, 19),
(784, '8.00', '4000.00', 49, 1, 19),
(785, '8.00', '200.00', 50, 1, 19),
(786, '4.00', '800.00', 51, 1, 19),
(787, '9.00', '1800.00', 52, 1, 19),
(788, '142.00', '6390.00', 71, 1, 21),
(789, '4.00', '800.00', 72, 1, 21),
(790, '2.00', '100.00', 73, 1, 21),
(791, '3.00', '7500.00', 22, 1, 14),
(792, '2.00', '3600.00', 23, 1, 14),
(793, '1.00', '1200.00', 24, 1, 14),
(794, '1.00', '4500.00', 25, 1, 15),
(795, '1.00', '3500.00', 26, 1, 15),
(796, '1.00', '2500.00', 27, 1, 15),
(797, '1.00', '150.00', 28, 1, 15),
(798, '1.00', '1500.00', 29, 1, 15),
(799, '2.00', '1200.00', 30, 1, 15),
(800, '3.00', '4500.00', 36, 1, 15),
(801, '84.80', '19928.00', 1, 15, 5),
(802, '4.80', '3840.00', 2, 15, 5),
(803, '9.20', '13800.00', 3, 15, 5),
(804, '152.00', '27664.00', 4, 15, 5),
(805, '16.00', '11468.00', 5, 15, 5),
(806, '24.06', '1440.00', 6, 15, 5),
(807, '32.00', '7520.00', 1, 15, 6),
(808, '2.40', '1920.00', 2, 15, 6),
(809, '4.00', '6000.00', 3, 15, 6),
(810, '56.00', '10192.00', 4, 15, 6),
(811, '11.28', '676.53', 6, 15, 6),
(812, '61.00', '14335.00', 1, 15, 7),
(813, '6.00', '4800.00', 2, 15, 7),
(814, '12.00', '18000.00', 3, 15, 7),
(815, '53.00', '6466.00', 7, 15, 7),
(816, '4.00', '240.00', 6, 15, 7),
(817, '27.40', '6439.00', 1, 15, 11),
(818, '1.60', '1280.00', 2, 15, 11),
(819, '3.20', '4800.00', 3, 15, 11),
(820, '41.00', '7462.00', 4, 15, 11),
(821, '44.00', '5368.00', 5, 15, 11),
(822, '7.15', '429.06', 6, 15, 11),
(823, '20.20', '4747.00', 1, 15, 8),
(824, '1.30', '1040.00', 2, 15, 8),
(825, '2.20', '3300.00', 3, 15, 8),
(826, '16.00', '2912.00', 4, 15, 8),
(827, '12.00', '1464.00', 5, 15, 8),
(828, '2.12', '608.00', 6, 15, 8),
(829, '2.00', '470.00', 1, 15, 13),
(830, '0.20', '160.00', 2, 15, 13),
(831, '0.30', '450.00', 3, 15, 13),
(832, '12.00', '1464.00', 5, 15, 13),
(833, '2.00', '364.00', 4, 15, 13),
(834, '2.00', '120.00', 6, 15, 13),
(835, '26.00', '6110.00', 1, 15, 9),
(836, '1.40', '1120.00', 2, 15, 9),
(837, '3.00', '4500.00', 3, 15, 9),
(838, '32.00', '5824.00', 4, 15, 9),
(839, '5.19', '311.55', 6, 15, 9),
(840, '420.00', '98700.00', 1, 15, 12),
(841, '32.00', '25600.00', 2, 15, 12),
(842, '107.00', '17120.00', 14, 15, 12),
(843, '1290.00', '19350.00', 15, 15, 12),
(844, '200.00', '2000.00', 16, 15, 12),
(845, '9.52', '571.20', 6, 15, 12),
(846, '50.00', '22500.00', 17, 15, 13),
(847, '9.00', '450.00', 18, 15, 13),
(848, '20.00', '2000.00', 19, 15, 13),
(849, '7.50', '375.00', 20, 15, 13),
(850, '28.00', '2100.00', 21, 15, 13),
(851, '33.00', '396.00', 37, 15, 17),
(852, '8.69', '3908.57', 38, 15, 17),
(853, '4.00', '2400.00', 39, 15, 17),
(854, '60.00', '720.00', 37, 15, 18),
(855, '11.00', '4950.00', 40, 15, 18),
(856, '7.00', '4200.00', 41, 15, 18),
(857, '13.00', '7150.00', 42, 15, 18),
(858, '0.50', '1050.00', 43, 15, 19),
(859, '0.50', '1550.00', 44, 15, 19),
(860, '0.30', '900.00', 45, 15, 19),
(861, '16.00', '1600.00', 46, 15, 19),
(862, '25.00', '75.00', 47, 15, 19),
(863, '18.00', '180.00', 48, 15, 19),
(864, '8.00', '4000.00', 49, 15, 19),
(865, '8.00', '200.00', 50, 15, 19),
(866, '4.00', '800.00', 51, 15, 19),
(867, '9.00', '1800.00', 52, 15, 19),
(868, '142.00', '6390.00', 71, 15, 21),
(869, '4.00', '800.00', 72, 15, 21),
(870, '2.00', '100.00', 73, 15, 21),
(871, '3.00', '7500.00', 22, 15, 14),
(872, '3.00', '5400.00', 23, 15, 14),
(873, '1.00', '1200.00', 24, 15, 14),
(874, '1.00', '4500.00', 25, 15, 15),
(875, '2.00', '7000.00', 26, 15, 15),
(876, '1.00', '2500.00', 27, 15, 15),
(877, '1.00', '150.00', 28, 15, 15),
(878, '1.00', '1500.00', 29, 15, 15),
(879, '2.00', '1200.00', 30, 15, 15),
(880, '3.00', '4500.00', 36, 15, 15),
(881, '70.40', '16544.00', 1, 16, 5),
(882, '4.00', '3200.00', 2, 16, 5),
(883, '7.60', '11400.00', 3, 16, 5),
(884, '148.00', '26936.00', 4, 16, 5),
(885, '94.00', '11468.00', 5, 16, 5),
(886, '24.03', '1440.00', 6, 16, 5),
(887, '26.00', '6110.00', 1, 16, 6),
(888, '2.00', '1600.00', 2, 16, 6),
(889, '3.20', '4800.00', 3, 16, 6),
(890, '52.00', '9464.00', 4, 16, 6),
(891, '10.00', '600.00', 6, 16, 6),
(892, '25.00', '5875.00', 1, 16, 7),
(893, '3.00', '2400.00', 2, 16, 7),
(894, '6.00', '9000.00', 3, 16, 7),
(895, '40.00', '4880.00', 7, 16, 7),
(896, '2.00', '120.00', 6, 16, 7),
(897, '13.00', '3055.00', 1, 16, 11),
(898, '0.80', '640.00', 2, 16, 11),
(899, '1.60', '2400.00', 3, 16, 11),
(900, '37.00', '6734.00', 4, 16, 11),
(901, '38.00', '4636.00', 5, 16, 11),
(902, '7.00', '420.00', 6, 16, 11),
(903, '4.00', '940.00', 1, 16, 8),
(904, '0.40', '320.00', 2, 16, 8),
(905, '0.40', '600.00', 3, 16, 8),
(906, '12.00', '2184.00', 4, 16, 8),
(907, '12.00', '1464.00', 5, 16, 8),
(908, '2.00', '120.00', 6, 16, 8),
(909, '2.00', '470.00', 1, 16, 13),
(910, '0.20', '160.00', 2, 16, 13),
(911, '0.30', '450.00', 3, 16, 13),
(912, '12.00', '1464.00', 5, 16, 13),
(913, '2.00', '364.00', 4, 16, 13),
(914, '2.00', '120.00', 6, 16, 13),
(915, '20.00', '4700.00', 1, 16, 9),
(916, '1.00', '800.00', 2, 16, 9),
(917, '2.20', '3300.00', 3, 16, 9),
(918, '23.00', '4186.00', 4, 16, 9),
(919, '1.20', '72.00', 6, 16, 9),
(920, '60.00', '14100.00', 1, 16, 12),
(921, '8.00', '6400.00', 2, 16, 12),
(922, '85.00', '13600.00', 14, 16, 12),
(923, '1290.00', '19350.00', 15, 16, 12),
(924, '200.00', '2000.00', 16, 16, 12),
(925, '9.00', '540.00', 6, 16, 12),
(926, '50.00', '22500.00', 17, 16, 13),
(927, '9.00', '450.00', 18, 16, 13),
(928, '19.00', '1900.00', 19, 16, 13),
(929, '7.50', '375.00', 20, 16, 13),
(930, '28.00', '2100.00', 21, 16, 13),
(931, '30.00', '360.00', 37, 16, 17),
(932, '8.00', '3600.00', 38, 16, 17),
(933, '1.00', '600.00', 39, 16, 17),
(934, '60.00', '720.00', 37, 16, 18),
(935, '11.00', '4950.00', 40, 16, 18),
(936, '7.00', '4200.00', 41, 16, 18),
(937, '13.00', '7150.00', 42, 16, 18),
(938, '0.50', '1050.00', 43, 16, 19),
(939, '0.50', '1550.00', 44, 16, 19),
(940, '0.30', '900.00', 45, 16, 19),
(941, '16.00', '1600.00', 46, 16, 19),
(942, '25.00', '75.00', 47, 16, 19),
(943, '18.00', '180.00', 48, 16, 19),
(944, '8.00', '4000.00', 49, 16, 19),
(945, '8.00', '200.00', 50, 16, 19),
(946, '4.00', '800.00', 51, 16, 19),
(947, '9.00', '1800.00', 52, 16, 19),
(948, '142.00', '6390.00', 71, 16, 21),
(949, '4.00', '800.00', 72, 16, 21),
(950, '2.00', '100.00', 73, 16, 21),
(951, '3.00', '7500.00', 22, 16, 14),
(952, '2.00', '3600.00', 23, 16, 14),
(953, '1.00', '1200.00', 24, 16, 14),
(954, '1.00', '4500.00', 25, 16, 15),
(955, '1.00', '3500.00', 26, 16, 15),
(956, '1.00', '2500.00', 27, 16, 15),
(957, '1.00', '150.00', 28, 16, 15),
(958, '1.00', '1500.00', 29, 16, 15),
(959, '2.00', '1200.00', 30, 16, 15),
(960, '3.00', '4500.00', 36, 16, 15),
(961, '70.40', '16544.00', 1, 17, 5),
(962, '4.00', '3200.00', 2, 17, 5),
(963, '7.60', '11400.00', 3, 17, 5),
(964, '148.00', '26936.00', 4, 17, 5),
(965, '16.00', '11468.00', 5, 17, 5),
(966, '24.03', '1440.00', 6, 17, 5),
(967, '32.00', '7520.00', 1, 17, 6),
(968, '2.40', '1920.00', 2, 17, 6),
(969, '4.00', '6000.00', 3, 17, 6),
(970, '56.00', '10192.00', 4, 17, 6),
(971, '11.28', '676.53', 6, 17, 6),
(972, '97.00', '22795.00', 1, 17, 7),
(973, '9.00', '7200.00', 2, 17, 7),
(974, '18.00', '27000.00', 3, 17, 7),
(975, '66.00', '8052.00', 7, 17, 7),
(976, '6.00', '360.00', 6, 17, 7),
(977, '27.40', '6439.00', 1, 17, 11),
(978, '1.60', '1280.00', 2, 17, 11),
(979, '3.20', '4800.00', 3, 17, 11),
(980, '41.00', '7462.00', 4, 17, 11),
(981, '44.00', '5368.00', 5, 17, 11),
(982, '7.15', '429.06', 6, 17, 11),
(983, '20.20', '4747.00', 1, 17, 8),
(984, '1.30', '1040.00', 2, 17, 8),
(985, '2.20', '3300.00', 3, 17, 8),
(986, '16.00', '2912.00', 4, 17, 8),
(987, '12.00', '1464.00', 5, 17, 8),
(988, '2.12', '608.00', 6, 17, 8),
(989, '2.00', '470.00', 1, 17, 13),
(990, '0.20', '160.00', 2, 17, 13),
(991, '0.30', '450.00', 3, 17, 13),
(992, '12.00', '1464.00', 5, 17, 13),
(993, '2.00', '364.00', 4, 17, 13),
(994, '2.00', '120.00', 6, 17, 13),
(995, '26.00', '6110.00', 1, 17, 9),
(996, '1.40', '1120.00', 2, 17, 9),
(997, '3.00', '4500.00', 3, 17, 9),
(998, '32.00', '5824.00', 4, 17, 9),
(999, '5.19', '311.55', 6, 17, 9),
(1000, '2172.00', '510420.00', 1, 17, 12),
(1001, '104.00', '83200.00', 2, 17, 12),
(1002, '94.00', '15040.00', 14, 17, 12),
(1003, '1290.00', '19350.00', 15, 17, 12),
(1004, '200.00', '2000.00', 16, 17, 12),
(1005, '11.08', '664.80', 6, 17, 12),
(1006, '52.00', '23400.00', 17, 17, 13),
(1007, '9.00', '450.00', 18, 17, 13),
(1008, '19.00', '1900.00', 19, 17, 13),
(1009, '7.50', '375.00', 20, 17, 13),
(1010, '28.00', '2100.00', 21, 17, 13),
(1011, '31.00', '372.00', 37, 17, 17),
(1012, '8.23', '3702.86', 38, 17, 17),
(1013, '2.00', '1200.00', 39, 17, 17),
(1014, '62.00', '744.00', 37, 17, 18),
(1015, '11.42', '5138.23', 40, 17, 18),
(1016, '7.16', '4297.88', 41, 17, 18),
(1017, '13.42', '7380.24', 42, 17, 18),
(1018, '2.50', '5250.00', 43, 17, 19),
(1019, '0.50', '1550.00', 44, 17, 19),
(1020, '0.30', '900.00', 45, 17, 19),
(1021, '16.00', '1600.00', 46, 17, 19),
(1022, '25.00', '75.00', 47, 17, 19),
(1023, '18.00', '180.00', 48, 17, 19),
(1024, '8.00', '4000.00', 49, 17, 19),
(1025, '8.00', '200.00', 50, 17, 19),
(1026, '4.00', '800.00', 51, 17, 19),
(1027, '9.00', '1800.00', 52, 17, 19),
(1028, '3614.22', '162640.00', 71, 17, 21),
(1029, '1337.33', '267466.67', 72, 17, 21),
(1030, '92.91', '4645.45', 73, 17, 21),
(1031, '3.00', '7500.00', 22, 17, 14),
(1032, '5.00', '9000.00', 23, 17, 14),
(1033, '1.00', '1200.00', 24, 17, 14),
(1034, '3.00', '13500.00', 25, 17, 15),
(1035, '1.00', '3500.00', 26, 17, 15),
(1036, '1.00', '2500.00', 27, 17, 15),
(1037, '1.00', '150.00', 28, 17, 15),
(1038, '1.00', '1500.00', 29, 17, 15),
(1039, '2.00', '1200.00', 30, 17, 15),
(1040, '3.00', '4500.00', 36, 17, 15),
(1041, '70.40', '16544.00', 1, 18, 5),
(1042, '4.00', '3200.00', 2, 18, 5),
(1043, '7.60', '11400.00', 3, 18, 5),
(1044, '148.00', '26936.00', 4, 18, 5),
(1045, '94.00', '11468.00', 5, 18, 5),
(1046, '24.03', '1440.00', 6, 18, 5),
(1047, '26.00', '6110.00', 1, 18, 6),
(1048, '2.00', '1600.00', 2, 18, 6),
(1049, '3.20', '4800.00', 3, 18, 6),
(1050, '52.00', '9464.00', 4, 18, 6),
(1051, '10.00', '600.00', 6, 18, 6),
(1052, '25.00', '5875.00', 1, 18, 7),
(1053, '3.00', '2400.00', 2, 18, 7),
(1054, '6.00', '9000.00', 3, 18, 7),
(1055, '40.00', '4880.00', 7, 18, 7),
(1056, '2.00', '120.00', 6, 18, 7),
(1057, '13.00', '3055.00', 1, 18, 11),
(1058, '0.80', '640.00', 2, 18, 11),
(1059, '1.60', '2400.00', 3, 18, 11),
(1060, '37.00', '6734.00', 4, 18, 11),
(1061, '38.00', '4636.00', 5, 18, 11),
(1062, '7.00', '420.00', 6, 18, 11),
(1063, '4.00', '940.00', 1, 18, 8),
(1064, '0.40', '320.00', 2, 18, 8),
(1065, '0.40', '600.00', 3, 18, 8),
(1066, '12.00', '2184.00', 4, 18, 8),
(1067, '12.00', '1464.00', 5, 18, 8),
(1068, '2.00', '120.00', 6, 18, 8),
(1069, '2.00', '470.00', 1, 18, 13),
(1070, '0.20', '160.00', 2, 18, 13),
(1071, '0.30', '450.00', 3, 18, 13),
(1072, '12.00', '1464.00', 5, 18, 13),
(1073, '2.00', '364.00', 4, 18, 13),
(1074, '2.00', '120.00', 6, 18, 13),
(1075, '20.00', '4700.00', 1, 18, 9),
(1076, '1.00', '800.00', 2, 18, 9),
(1077, '2.20', '3300.00', 3, 18, 9),
(1078, '23.00', '4186.00', 4, 18, 9),
(1079, '1.20', '72.00', 6, 18, 9),
(1080, '60.00', '14100.00', 1, 18, 12),
(1081, '8.00', '6400.00', 2, 18, 12),
(1082, '85.00', '13600.00', 14, 18, 12),
(1083, '1290.00', '19350.00', 15, 18, 12),
(1084, '200.00', '2000.00', 16, 18, 12),
(1085, '9.00', '540.00', 6, 18, 12),
(1086, '50.00', '22500.00', 17, 18, 13),
(1087, '9.00', '450.00', 18, 18, 13),
(1088, '19.00', '1900.00', 19, 18, 13),
(1089, '7.50', '375.00', 20, 18, 13),
(1090, '28.00', '2100.00', 21, 18, 13),
(1091, '30.00', '360.00', 37, 18, 17),
(1092, '8.00', '3600.00', 38, 18, 17),
(1093, '1.00', '600.00', 39, 18, 17),
(1094, '60.00', '720.00', 37, 18, 18),
(1095, '11.00', '4950.00', 40, 18, 18),
(1096, '7.00', '4200.00', 41, 18, 18),
(1097, '13.00', '7150.00', 42, 18, 18),
(1098, '0.50', '1050.00', 43, 18, 19),
(1099, '0.50', '1550.00', 44, 18, 19),
(1100, '0.30', '900.00', 45, 18, 19),
(1101, '16.00', '1600.00', 46, 18, 19),
(1102, '25.00', '75.00', 47, 18, 19),
(1103, '18.00', '180.00', 48, 18, 19),
(1104, '8.00', '4000.00', 49, 18, 19),
(1105, '8.00', '200.00', 50, 18, 19),
(1106, '4.00', '800.00', 51, 18, 19),
(1107, '9.00', '1800.00', 52, 18, 19),
(1108, '142.00', '6390.00', 71, 18, 21),
(1109, '4.00', '800.00', 72, 18, 21),
(1110, '2.00', '100.00', 73, 18, 21),
(1111, '3.00', '7500.00', 22, 18, 14),
(1112, '2.00', '3600.00', 23, 18, 14),
(1113, '1.00', '1200.00', 24, 18, 14),
(1114, '1.00', '4500.00', 25, 18, 15),
(1115, '1.00', '3500.00', 26, 18, 15),
(1116, '1.00', '2500.00', 27, 18, 15),
(1117, '1.00', '150.00', 28, 18, 15),
(1118, '1.00', '1500.00', 29, 18, 15),
(1119, '2.00', '1200.00', 30, 18, 15),
(1120, '3.00', '4500.00', 36, 18, 15),
(1121, '56.00', '13160.00', 1, 19, 5),
(1122, '3.20', '2560.00', 2, 19, 5),
(1123, '6.00', '9000.00', 3, 19, 5),
(1124, '144.00', '26208.00', 4, 19, 5),
(1125, '94.00', '11468.00', 5, 19, 5),
(1126, '24.00', '1440.00', 6, 19, 5),
(1127, '26.00', '6110.00', 1, 19, 6),
(1128, '2.00', '1600.00', 2, 19, 6),
(1129, '3.20', '4800.00', 3, 19, 6),
(1130, '52.00', '9464.00', 4, 19, 6),
(1131, '10.00', '600.00', 6, 19, 6),
(1132, '25.00', '5875.00', 1, 19, 7),
(1133, '3.00', '2400.00', 2, 19, 7),
(1134, '6.00', '9000.00', 3, 19, 7),
(1135, '40.00', '4880.00', 7, 19, 7),
(1136, '2.00', '120.00', 6, 19, 7),
(1137, '13.00', '3055.00', 1, 19, 11),
(1138, '0.80', '640.00', 2, 19, 11),
(1139, '1.60', '2400.00', 3, 19, 11),
(1140, '37.00', '6734.00', 4, 19, 11),
(1141, '38.00', '4636.00', 5, 19, 11),
(1142, '7.00', '420.00', 6, 19, 11),
(1143, '4.00', '940.00', 1, 19, 8),
(1144, '0.40', '320.00', 2, 19, 8),
(1145, '0.40', '600.00', 3, 19, 8),
(1146, '12.00', '2184.00', 4, 19, 8),
(1147, '12.00', '1464.00', 5, 19, 8),
(1148, '2.00', '120.00', 6, 19, 8),
(1149, '2.00', '470.00', 1, 19, 13),
(1150, '0.20', '160.00', 2, 19, 13),
(1151, '0.30', '450.00', 3, 19, 13),
(1152, '12.00', '1464.00', 5, 19, 13),
(1153, '2.00', '364.00', 4, 19, 13),
(1154, '2.00', '120.00', 6, 19, 13),
(1155, '20.00', '4700.00', 1, 19, 9),
(1156, '1.00', '800.00', 2, 19, 9),
(1157, '2.20', '3300.00', 3, 19, 9),
(1158, '23.00', '4186.00', 4, 19, 9),
(1159, '1.20', '72.00', 6, 19, 9),
(1160, '60.00', '14100.00', 1, 19, 12),
(1161, '8.00', '6400.00', 2, 19, 12),
(1162, '85.00', '13600.00', 14, 19, 12),
(1163, '1290.00', '19350.00', 15, 19, 12),
(1164, '200.00', '2000.00', 16, 19, 12),
(1165, '9.00', '540.00', 6, 19, 12),
(1166, '50.00', '22500.00', 17, 19, 13),
(1167, '9.00', '450.00', 18, 19, 13),
(1168, '19.00', '1900.00', 19, 19, 13),
(1169, '7.50', '375.00', 20, 19, 13),
(1170, '28.00', '2100.00', 21, 19, 13),
(1171, '30.00', '360.00', 37, 19, 17),
(1172, '8.00', '3600.00', 38, 19, 17),
(1173, '1.00', '600.00', 39, 19, 17),
(1174, '60.00', '720.00', 37, 19, 18),
(1175, '11.00', '4950.00', 40, 19, 18),
(1176, '7.00', '4200.00', 41, 19, 18),
(1177, '13.00', '7150.00', 42, 19, 18),
(1178, '0.50', '1050.00', 43, 19, 19),
(1179, '0.50', '1550.00', 44, 19, 19),
(1180, '0.30', '900.00', 45, 19, 19),
(1181, '16.00', '1600.00', 46, 19, 19),
(1182, '25.00', '75.00', 47, 19, 19),
(1183, '18.00', '180.00', 48, 19, 19),
(1184, '8.00', '4000.00', 49, 19, 19),
(1185, '8.00', '200.00', 50, 19, 19),
(1186, '4.00', '800.00', 51, 19, 19),
(1187, '9.00', '1800.00', 52, 19, 19),
(1188, '142.00', '6390.00', 71, 19, 21),
(1189, '4.00', '800.00', 72, 19, 21),
(1190, '2.00', '100.00', 73, 19, 21),
(1191, '3.00', '7500.00', 22, 19, 14),
(1192, '2.00', '3600.00', 23, 19, 14),
(1193, '1.00', '1200.00', 24, 19, 14),
(1194, '1.00', '4500.00', 25, 19, 15),
(1195, '1.00', '3500.00', 26, 19, 15),
(1196, '1.00', '2500.00', 27, 19, 15),
(1197, '1.00', '150.00', 28, 19, 15),
(1198, '1.00', '1500.00', 29, 19, 15),
(1199, '2.00', '1200.00', 30, 19, 15),
(1200, '3.00', '4500.00', 36, 19, 15),
(1201, '56.00', '13160.00', 1, 21, 5),
(1202, '3.20', '2560.00', 2, 21, 5),
(1203, '6.00', '9000.00', 3, 21, 5),
(1204, '144.00', '26208.00', 4, 21, 5),
(1205, '94.00', '11468.00', 5, 21, 5),
(1206, '24.00', '1440.00', 6, 21, 5),
(1207, '26.00', '6110.00', 1, 21, 6),
(1208, '2.00', '1600.00', 2, 21, 6),
(1209, '3.20', '4800.00', 3, 21, 6),
(1210, '52.00', '9464.00', 4, 21, 6),
(1211, '10.00', '600.00', 6, 21, 6),
(1212, '25.00', '5875.00', 1, 21, 7),
(1213, '3.00', '2400.00', 2, 21, 7),
(1214, '6.00', '9000.00', 3, 21, 7),
(1215, '40.00', '4880.00', 7, 21, 7),
(1216, '2.00', '120.00', 6, 21, 7),
(1217, '13.00', '3055.00', 1, 21, 11),
(1218, '0.80', '640.00', 2, 21, 11),
(1219, '1.60', '2400.00', 3, 21, 11),
(1220, '37.00', '6734.00', 4, 21, 11),
(1221, '38.00', '4636.00', 5, 21, 11),
(1222, '7.00', '420.00', 6, 21, 11),
(1223, '4.00', '940.00', 1, 21, 8),
(1224, '0.40', '320.00', 2, 21, 8),
(1225, '0.40', '600.00', 3, 21, 8),
(1226, '12.00', '2184.00', 4, 21, 8),
(1227, '12.00', '1464.00', 5, 21, 8),
(1228, '2.00', '120.00', 6, 21, 8),
(1229, '2.00', '470.00', 1, 21, 13),
(1230, '0.20', '160.00', 2, 21, 13),
(1231, '0.30', '450.00', 3, 21, 13),
(1232, '12.00', '1464.00', 5, 21, 13),
(1233, '2.00', '364.00', 4, 21, 13),
(1234, '2.00', '120.00', 6, 21, 13),
(1235, '20.00', '4700.00', 1, 21, 9),
(1236, '1.00', '800.00', 2, 21, 9),
(1237, '2.20', '3300.00', 3, 21, 9),
(1238, '23.00', '4186.00', 4, 21, 9),
(1239, '1.20', '72.00', 6, 21, 9),
(1240, '60.00', '14100.00', 1, 21, 12),
(1241, '8.00', '6400.00', 2, 21, 12),
(1242, '85.00', '13600.00', 14, 21, 12),
(1243, '1290.00', '19350.00', 15, 21, 12),
(1244, '200.00', '2000.00', 16, 21, 12),
(1245, '9.00', '540.00', 6, 21, 12),
(1246, '50.00', '22500.00', 17, 21, 13),
(1247, '9.00', '450.00', 18, 21, 13),
(1248, '19.00', '1900.00', 19, 21, 13),
(1249, '7.50', '375.00', 20, 21, 13),
(1250, '28.00', '2100.00', 21, 21, 13),
(1251, '30.00', '360.00', 37, 21, 17),
(1252, '8.00', '3600.00', 38, 21, 17),
(1253, '1.00', '600.00', 39, 21, 17),
(1254, '60.00', '720.00', 37, 21, 18),
(1255, '11.00', '4950.00', 40, 21, 18),
(1256, '7.00', '4200.00', 41, 21, 18),
(1257, '13.00', '7150.00', 42, 21, 18),
(1258, '0.50', '1050.00', 43, 21, 19),
(1259, '0.50', '1550.00', 44, 21, 19),
(1260, '0.30', '900.00', 45, 21, 19),
(1261, '16.00', '1600.00', 46, 21, 19),
(1262, '25.00', '75.00', 47, 21, 19),
(1263, '18.00', '180.00', 48, 21, 19),
(1264, '8.00', '4000.00', 49, 21, 19),
(1265, '8.00', '200.00', 50, 21, 19),
(1266, '4.00', '800.00', 51, 21, 19),
(1267, '9.00', '1800.00', 52, 21, 19),
(1268, '142.00', '6390.00', 71, 21, 21),
(1269, '4.00', '800.00', 72, 21, 21),
(1270, '2.00', '100.00', 73, 21, 21),
(1271, '3.00', '7500.00', 22, 21, 14),
(1272, '2.00', '3600.00', 23, 21, 14),
(1273, '1.00', '1200.00', 24, 21, 14),
(1274, '1.00', '4500.00', 25, 21, 15),
(1275, '1.00', '3500.00', 26, 21, 15),
(1276, '1.00', '2500.00', 27, 21, 15),
(1277, '1.00', '150.00', 28, 21, 15),
(1278, '1.00', '1500.00', 29, 21, 15),
(1279, '2.00', '1200.00', 30, 21, 15),
(1280, '3.00', '4500.00', 36, 21, 15),
(1281, '56.00', '13160.00', 1, 20, 5),
(1282, '3.20', '2560.00', 2, 20, 5),
(1283, '6.00', '9000.00', 3, 20, 5),
(1284, '144.00', '26208.00', 4, 20, 5),
(1285, '94.00', '11468.00', 5, 20, 5),
(1286, '24.00', '1440.00', 6, 20, 5),
(1287, '26.00', '6110.00', 1, 20, 6),
(1288, '2.00', '1600.00', 2, 20, 6),
(1289, '3.20', '4800.00', 3, 20, 6),
(1290, '52.00', '9464.00', 4, 20, 6),
(1291, '10.00', '600.00', 6, 20, 6),
(1292, '25.00', '5875.00', 1, 20, 7),
(1293, '3.00', '2400.00', 2, 20, 7),
(1294, '6.00', '9000.00', 3, 20, 7),
(1295, '40.00', '4880.00', 7, 20, 7),
(1296, '2.00', '120.00', 6, 20, 7),
(1297, '13.00', '3055.00', 1, 20, 11),
(1298, '0.80', '640.00', 2, 20, 11),
(1299, '1.60', '2400.00', 3, 20, 11),
(1300, '37.00', '6734.00', 4, 20, 11),
(1301, '38.00', '4636.00', 5, 20, 11),
(1302, '7.00', '420.00', 6, 20, 11),
(1303, '4.00', '940.00', 1, 20, 8),
(1304, '0.40', '320.00', 2, 20, 8),
(1305, '0.40', '600.00', 3, 20, 8),
(1306, '12.00', '2184.00', 4, 20, 8),
(1307, '12.00', '1464.00', 5, 20, 8),
(1308, '2.00', '120.00', 6, 20, 8),
(1309, '2.00', '470.00', 1, 20, 13),
(1310, '0.20', '160.00', 2, 20, 13),
(1311, '0.30', '450.00', 3, 20, 13),
(1312, '12.00', '1464.00', 5, 20, 13),
(1313, '2.00', '364.00', 4, 20, 13),
(1314, '2.00', '120.00', 6, 20, 13),
(1315, '20.00', '4700.00', 1, 20, 9),
(1316, '1.00', '800.00', 2, 20, 9),
(1317, '2.20', '3300.00', 3, 20, 9),
(1318, '23.00', '4186.00', 4, 20, 9),
(1319, '1.20', '72.00', 6, 20, 9),
(1320, '60.00', '14100.00', 1, 20, 12),
(1321, '8.00', '6400.00', 2, 20, 12),
(1322, '85.00', '13600.00', 14, 20, 12),
(1323, '1290.00', '19350.00', 15, 20, 12),
(1324, '200.00', '2000.00', 16, 20, 12),
(1325, '9.00', '540.00', 6, 20, 12),
(1326, '50.00', '22500.00', 17, 20, 13),
(1327, '9.00', '450.00', 18, 20, 13),
(1328, '19.00', '1900.00', 19, 20, 13),
(1329, '7.50', '375.00', 20, 20, 13),
(1330, '28.00', '2100.00', 21, 20, 13),
(1331, '30.00', '360.00', 37, 20, 17),
(1332, '8.00', '3600.00', 38, 20, 17),
(1333, '1.00', '600.00', 39, 20, 17),
(1334, '60.00', '720.00', 37, 20, 18),
(1335, '11.00', '4950.00', 40, 20, 18),
(1336, '7.00', '4200.00', 41, 20, 18),
(1337, '13.00', '7150.00', 42, 20, 18),
(1338, '0.50', '1050.00', 43, 20, 19),
(1339, '0.50', '1550.00', 44, 20, 19),
(1340, '0.30', '900.00', 45, 20, 19),
(1341, '16.00', '1600.00', 46, 20, 19),
(1342, '25.00', '75.00', 47, 20, 19),
(1343, '18.00', '180.00', 48, 20, 19),
(1344, '8.00', '4000.00', 49, 20, 19),
(1345, '8.00', '200.00', 50, 20, 19),
(1346, '4.00', '800.00', 51, 20, 19),
(1347, '9.00', '1800.00', 52, 20, 19),
(1348, '142.00', '6390.00', 71, 20, 21),
(1349, '4.00', '800.00', 72, 20, 21),
(1350, '2.00', '100.00', 73, 20, 21),
(1351, '3.00', '7500.00', 22, 20, 14),
(1352, '2.00', '3600.00', 23, 20, 14),
(1353, '1.00', '1200.00', 24, 20, 14),
(1354, '1.00', '4500.00', 25, 20, 15),
(1355, '1.00', '3500.00', 26, 20, 15),
(1356, '1.00', '2500.00', 27, 20, 15),
(1357, '1.00', '150.00', 28, 20, 15),
(1358, '1.00', '1500.00', 29, 20, 15),
(1359, '2.00', '1200.00', 30, 20, 15),
(1360, '3.00', '4500.00', 36, 20, 15),
(1361, '164.00', '38540.00', 1, 25, 5),
(1362, '9.20', '7360.00', 2, 25, 5),
(1363, '18.00', '27000.00', 3, 25, 5),
(1364, '150.00', '27300.00', 4, 25, 5),
(1365, '100.00', '12200.00', 5, 25, 5),
(1366, '24.18', '2172.00', 6, 25, 5),
(1367, '26.00', '6110.00', 1, 25, 6),
(1368, '2.00', '1600.00', 2, 25, 6),
(1369, '3.20', '4800.00', 3, 25, 6),
(1370, '52.00', '9464.00', 4, 25, 6),
(1371, '10.00', '600.00', 6, 25, 6),
(1372, '25.00', '5875.00', 1, 25, 7),
(1373, '3.00', '2400.00', 2, 25, 7),
(1374, '6.00', '9000.00', 3, 25, 7),
(1375, '40.00', '4880.00', 7, 25, 7),
(1376, '2.00', '120.00', 6, 25, 7),
(1377, '13.00', '3055.00', 1, 25, 11),
(1378, '0.80', '640.00', 2, 25, 11),
(1379, '1.60', '2400.00', 3, 25, 11),
(1380, '37.00', '6734.00', 4, 25, 11),
(1381, '38.00', '4636.00', 5, 25, 11),
(1382, '7.00', '420.00', 6, 25, 11),
(1383, '4.00', '940.00', 1, 25, 8),
(1384, '0.40', '320.00', 2, 25, 8),
(1385, '0.40', '600.00', 3, 25, 8),
(1386, '12.00', '2184.00', 4, 25, 8),
(1387, '12.00', '1464.00', 5, 25, 8),
(1388, '2.00', '120.00', 6, 25, 8),
(1389, '2.00', '470.00', 1, 25, 13),
(1390, '0.20', '160.00', 2, 25, 13),
(1391, '0.30', '450.00', 3, 25, 13),
(1392, '12.00', '1464.00', 5, 25, 13),
(1393, '2.00', '364.00', 4, 25, 13),
(1394, '2.00', '120.00', 6, 25, 13),
(1395, '20.00', '4700.00', 1, 25, 9),
(1396, '1.00', '800.00', 2, 25, 9),
(1397, '2.20', '3300.00', 3, 25, 9),
(1398, '23.00', '4186.00', 4, 25, 9),
(1399, '1.20', '72.00', 6, 25, 9),
(1400, '60.00', '14100.00', 1, 25, 12),
(1401, '8.00', '6400.00', 2, 25, 12),
(1402, '85.00', '13600.00', 14, 25, 12),
(1403, '1290.00', '19350.00', 15, 25, 12),
(1404, '200.00', '2200.00', 16, 25, 12),
(1405, '9.00', '540.00', 6, 25, 12),
(1406, '50.00', '22500.00', 17, 25, 13),
(1407, '9.00', '450.00', 18, 25, 13),
(1408, '19.00', '1900.00', 19, 25, 13),
(1409, '7.50', '375.00', 20, 25, 13),
(1410, '28.00', '2100.00', 21, 25, 13),
(1411, '30.00', '360.00', 37, 25, 17),
(1412, '8.00', '3600.00', 38, 25, 17),
(1413, '1.00', '600.00', 39, 25, 17),
(1414, '60.00', '720.00', 37, 25, 18),
(1415, '11.00', '4950.00', 40, 25, 18),
(1416, '7.00', '4200.00', 41, 25, 18),
(1417, '13.00', '7150.00', 42, 25, 18),
(1418, '1.50', '3150.00', 43, 25, 19),
(1419, '1.50', '4650.00', 44, 25, 19);
INSERT INTO `tblmaterialestimates` (`intMaterialEstimatesId`, `decQty`, `decCost`, `intMaterialId`, `intProjectId`, `intWorkSubCategoryId`) VALUES
(1420, '0.30', '900.00', 45, 25, 19),
(1421, '16.00', '1600.00', 46, 25, 19),
(1422, '25.00', '75.00', 47, 25, 19),
(1423, '18.00', '180.00', 48, 25, 19),
(1424, '11.00', '5500.00', 49, 25, 19),
(1425, '8.00', '200.00', 50, 25, 19),
(1426, '4.00', '800.00', 51, 25, 19),
(1427, '9.00', '1800.00', 52, 25, 19),
(1428, '142.00', '6390.00', 71, 25, 21),
(1429, '4.00', '800.00', 72, 25, 21),
(1430, '2.00', '100.00', 73, 25, 21),
(1431, '3.00', '7500.00', 22, 25, 14),
(1432, '2.00', '3600.00', 23, 25, 14),
(1433, '1.00', '1200.00', 24, 25, 14),
(1434, '1.00', '4500.00', 25, 25, 15),
(1435, '1.00', '3500.00', 26, 25, 15),
(1436, '1.00', '2500.00', 27, 25, 15),
(1437, '1.00', '150.00', 28, 25, 15),
(1438, '1.00', '1500.00', 29, 25, 15),
(1439, '2.00', '1200.00', 30, 25, 15),
(1440, '3.00', '4500.00', 36, 25, 15),
(1441, '56.00', '13160.00', 1, 26, 5),
(1442, '3.20', '2560.00', 2, 26, 5),
(1443, '6.00', '9000.00', 3, 26, 5),
(1444, '144.00', '26208.00', 4, 26, 5),
(1445, '94.00', '11468.00', 5, 26, 5),
(1446, '24.00', '1440.00', 6, 26, 5),
(1447, '26.00', '6110.00', 1, 26, 6),
(1448, '2.00', '1600.00', 2, 26, 6),
(1449, '3.20', '4800.00', 3, 26, 6),
(1450, '52.00', '9464.00', 4, 26, 6),
(1451, '10.00', '600.00', 6, 26, 6),
(1452, '25.00', '5875.00', 1, 26, 7),
(1453, '3.00', '2400.00', 2, 26, 7),
(1454, '6.00', '9000.00', 3, 26, 7),
(1455, '40.00', '4880.00', 7, 26, 7),
(1456, '2.00', '120.00', 6, 26, 7),
(1457, '13.00', '3055.00', 1, 26, 11),
(1458, '0.80', '640.00', 2, 26, 11),
(1459, '1.60', '2400.00', 3, 26, 11),
(1460, '37.00', '6734.00', 4, 26, 11),
(1461, '38.00', '4636.00', 5, 26, 11),
(1462, '7.00', '420.00', 6, 26, 11),
(1463, '4.00', '940.00', 1, 26, 8),
(1464, '0.40', '320.00', 2, 26, 8),
(1465, '0.40', '600.00', 3, 26, 8),
(1466, '12.00', '2184.00', 4, 26, 8),
(1467, '12.00', '1464.00', 5, 26, 8),
(1468, '2.00', '120.00', 6, 26, 8),
(1469, '2.00', '470.00', 1, 26, 13),
(1470, '0.20', '160.00', 2, 26, 13),
(1471, '0.30', '450.00', 3, 26, 13),
(1472, '12.00', '1464.00', 5, 26, 13),
(1473, '2.00', '364.00', 4, 26, 13),
(1474, '2.00', '120.00', 6, 26, 13),
(1475, '20.00', '4700.00', 1, 26, 9),
(1476, '1.00', '800.00', 2, 26, 9),
(1477, '2.20', '3300.00', 3, 26, 9),
(1478, '23.00', '4186.00', 4, 26, 9),
(1479, '1.20', '72.00', 6, 26, 9),
(1480, '60.00', '14100.00', 1, 26, 12),
(1481, '8.00', '6400.00', 2, 26, 12),
(1482, '85.00', '13600.00', 14, 26, 12),
(1483, '1290.00', '19350.00', 15, 26, 12),
(1484, '200.00', '2200.00', 16, 26, 12),
(1485, '9.00', '540.00', 6, 26, 12),
(1486, '50.00', '22500.00', 17, 26, 13),
(1487, '9.00', '450.00', 18, 26, 13),
(1488, '19.00', '1900.00', 19, 26, 13),
(1489, '7.50', '375.00', 20, 26, 13),
(1490, '28.00', '2100.00', 21, 26, 13),
(1491, '30.00', '360.00', 37, 26, 17),
(1492, '8.00', '3600.00', 38, 26, 17),
(1493, '1.00', '600.00', 39, 26, 17),
(1494, '60.00', '720.00', 37, 26, 18),
(1495, '11.00', '4950.00', 40, 26, 18),
(1496, '7.00', '4200.00', 41, 26, 18),
(1497, '13.00', '7150.00', 42, 26, 18),
(1498, '0.50', '1050.00', 43, 26, 19),
(1499, '0.50', '1550.00', 44, 26, 19),
(1500, '0.30', '1200.00', 45, 26, 19),
(1501, '16.00', '1600.00', 46, 26, 19),
(1502, '25.00', '75.00', 47, 26, 19),
(1503, '18.00', '180.00', 48, 26, 19),
(1504, '8.00', '4000.00', 49, 26, 19),
(1505, '8.00', '200.00', 50, 26, 19),
(1506, '4.00', '800.00', 51, 26, 19),
(1507, '9.00', '1800.00', 52, 26, 19),
(1508, '142.00', '6390.00', 71, 26, 21),
(1509, '4.00', '800.00', 72, 26, 21),
(1510, '2.00', '100.00', 73, 26, 21),
(1511, '3.00', '7500.00', 22, 26, 14),
(1512, '2.00', '3600.00', 23, 26, 14),
(1513, '1.00', '1200.00', 24, 26, 14),
(1514, '1.00', '4500.00', 25, 26, 15),
(1515, '1.00', '3500.00', 26, 26, 15),
(1516, '1.00', '2500.00', 27, 26, 15),
(1517, '1.00', '150.00', 28, 26, 15),
(1518, '1.00', '1500.00', 29, 26, 15),
(1519, '2.00', '1200.00', 30, 26, 15),
(1520, '3.00', '4500.00', 36, 26, 15),
(1521, '56.00', '13160.00', 1, 29, 5),
(1522, '3.20', '2560.00', 2, 29, 5),
(1523, '6.00', '9000.00', 3, 29, 5),
(1524, '144.00', '26208.00', 4, 29, 5),
(1525, '94.00', '11468.00', 5, 29, 5),
(1526, '24.00', '1440.00', 6, 29, 5),
(1527, '26.00', '6110.00', 1, 29, 6),
(1528, '2.00', '1600.00', 2, 29, 6),
(1529, '3.20', '4800.00', 3, 29, 6),
(1530, '52.00', '9464.00', 4, 29, 6),
(1531, '10.00', '600.00', 6, 29, 6),
(1532, '25.00', '5875.00', 1, 29, 7),
(1533, '3.00', '2400.00', 2, 29, 7),
(1534, '6.00', '9000.00', 3, 29, 7),
(1535, '40.00', '4880.00', 7, 29, 7),
(1536, '2.00', '120.00', 6, 29, 7),
(1537, '13.00', '3055.00', 1, 29, 11),
(1538, '0.80', '640.00', 2, 29, 11),
(1539, '1.60', '2400.00', 3, 29, 11),
(1540, '37.00', '6734.00', 4, 29, 11),
(1541, '38.00', '4636.00', 5, 29, 11),
(1542, '7.00', '420.00', 6, 29, 11),
(1543, '4.00', '940.00', 1, 29, 8),
(1544, '0.40', '320.00', 2, 29, 8),
(1545, '0.40', '600.00', 3, 29, 8),
(1546, '12.00', '2184.00', 4, 29, 8),
(1547, '12.00', '1464.00', 5, 29, 8),
(1548, '2.00', '120.00', 6, 29, 8),
(1549, '2.00', '470.00', 1, 29, 13),
(1550, '0.20', '160.00', 2, 29, 13),
(1551, '0.30', '450.00', 3, 29, 13),
(1552, '12.00', '1464.00', 5, 29, 13),
(1553, '2.00', '364.00', 4, 29, 13),
(1554, '2.00', '120.00', 6, 29, 13),
(1555, '20.00', '4700.00', 1, 29, 9),
(1556, '1.00', '800.00', 2, 29, 9),
(1557, '2.20', '3300.00', 3, 29, 9),
(1558, '23.00', '4186.00', 4, 29, 9),
(1559, '1.20', '72.00', 6, 29, 9),
(1560, '60.00', '14100.00', 1, 29, 12),
(1561, '8.00', '6400.00', 2, 29, 12),
(1562, '85.00', '13600.00', 14, 29, 12),
(1563, '1290.00', '19350.00', 15, 29, 12),
(1564, '200.00', '2200.00', 16, 29, 12),
(1565, '9.00', '540.00', 6, 29, 12),
(1566, '50.00', '22500.00', 17, 29, 13),
(1567, '9.00', '450.00', 18, 29, 13),
(1568, '19.00', '1900.00', 19, 29, 13),
(1569, '7.50', '375.00', 20, 29, 13),
(1570, '28.00', '2100.00', 21, 29, 13),
(1571, '30.00', '360.00', 37, 29, 17),
(1572, '8.00', '3600.00', 38, 29, 17),
(1573, '1.00', '600.00', 39, 29, 17),
(1574, '60.00', '720.00', 37, 29, 18),
(1575, '11.00', '4950.00', 40, 29, 18),
(1576, '7.00', '4200.00', 41, 29, 18),
(1577, '13.00', '7150.00', 42, 29, 18),
(1578, '0.50', '1050.00', 43, 29, 19),
(1579, '0.50', '1550.00', 44, 29, 19),
(1580, '0.30', '1230.00', 45, 29, 19),
(1581, '16.00', '1600.00', 46, 29, 19),
(1582, '25.00', '75.00', 47, 29, 19),
(1583, '18.00', '180.00', 48, 29, 19),
(1584, '8.00', '4000.00', 49, 29, 19),
(1585, '8.00', '200.00', 50, 29, 19),
(1586, '4.00', '800.00', 51, 29, 19),
(1587, '9.00', '1800.00', 52, 29, 19),
(1588, '142.00', '6390.00', 71, 29, 21),
(1589, '4.00', '800.00', 72, 29, 21),
(1590, '2.00', '100.00', 73, 29, 21),
(1591, '3.00', '7500.00', 22, 29, 14),
(1592, '2.00', '3600.00', 23, 29, 14),
(1593, '1.00', '1200.00', 24, 29, 14),
(1594, '1.00', '4500.00', 25, 29, 15),
(1595, '1.00', '3500.00', 26, 29, 15),
(1596, '1.00', '2500.00', 27, 29, 15),
(1597, '1.00', '150.00', 28, 29, 15),
(1598, '1.00', '1500.00', 29, 29, 15),
(1599, '2.00', '1200.00', 30, 29, 15),
(1600, '3.00', '4500.00', 36, 29, 15),
(1601, '56.00', '13160.00', 1, 22, 5),
(1602, '3.20', '2560.00', 2, 22, 5),
(1603, '6.00', '9000.00', 3, 22, 5),
(1604, '144.00', '26208.00', 4, 22, 5),
(1605, '94.00', '11468.00', 5, 22, 5),
(1606, '24.00', '1440.00', 6, 22, 5),
(1607, '26.00', '6110.00', 1, 22, 6),
(1608, '2.00', '1600.00', 2, 22, 6),
(1609, '3.20', '4800.00', 3, 22, 6),
(1610, '52.00', '9464.00', 4, 22, 6),
(1611, '10.00', '600.00', 6, 22, 6),
(1612, '25.00', '5875.00', 1, 22, 7),
(1613, '3.00', '2400.00', 2, 22, 7),
(1614, '6.00', '9000.00', 3, 22, 7),
(1615, '40.00', '4880.00', 7, 22, 7),
(1616, '2.00', '120.00', 6, 22, 7),
(1617, '13.00', '3055.00', 1, 22, 11),
(1618, '0.80', '640.00', 2, 22, 11),
(1619, '1.60', '2400.00', 3, 22, 11),
(1620, '37.00', '6734.00', 4, 22, 11),
(1621, '38.00', '4636.00', 5, 22, 11),
(1622, '7.00', '420.00', 6, 22, 11),
(1623, '4.00', '940.00', 1, 22, 8),
(1624, '0.40', '320.00', 2, 22, 8),
(1625, '0.40', '600.00', 3, 22, 8),
(1626, '12.00', '2184.00', 4, 22, 8),
(1627, '12.00', '1464.00', 5, 22, 8),
(1628, '2.00', '120.00', 6, 22, 8),
(1629, '2.00', '470.00', 1, 22, 13),
(1630, '0.20', '160.00', 2, 22, 13),
(1631, '0.30', '450.00', 3, 22, 13),
(1632, '12.00', '1464.00', 5, 22, 13),
(1633, '2.00', '364.00', 4, 22, 13),
(1634, '2.00', '120.00', 6, 22, 13),
(1635, '20.00', '4700.00', 1, 22, 9),
(1636, '1.00', '800.00', 2, 22, 9),
(1637, '2.20', '3300.00', 3, 22, 9),
(1638, '23.00', '4186.00', 4, 22, 9),
(1639, '1.20', '72.00', 6, 22, 9),
(1640, '60.00', '14100.00', 1, 22, 12),
(1641, '8.00', '6400.00', 2, 22, 12),
(1642, '85.00', '13600.00', 14, 22, 12),
(1643, '1290.00', '19350.00', 15, 22, 12),
(1644, '200.00', '2200.00', 16, 22, 12),
(1645, '9.00', '540.00', 6, 22, 12),
(1646, '50.00', '22500.00', 17, 22, 13),
(1647, '9.00', '450.00', 18, 22, 13),
(1648, '19.00', '1900.00', 19, 22, 13),
(1649, '7.50', '375.00', 20, 22, 13),
(1650, '28.00', '2100.00', 21, 22, 13),
(1651, '30.00', '360.00', 37, 22, 17),
(1652, '8.00', '3600.00', 38, 22, 17),
(1653, '1.00', '600.00', 39, 22, 17),
(1654, '60.00', '720.00', 37, 22, 18),
(1655, '11.00', '4950.00', 40, 22, 18),
(1656, '7.00', '4200.00', 41, 22, 18),
(1657, '13.00', '7150.00', 42, 22, 18),
(1658, '0.50', '1050.00', 43, 22, 19),
(1659, '0.50', '1550.00', 44, 22, 19),
(1660, '0.30', '1230.00', 45, 22, 19),
(1661, '16.00', '1600.00', 46, 22, 19),
(1662, '25.00', '75.00', 47, 22, 19),
(1663, '18.00', '180.00', 48, 22, 19),
(1664, '8.00', '4000.00', 49, 22, 19),
(1665, '8.00', '200.00', 50, 22, 19),
(1666, '4.00', '800.00', 51, 22, 19),
(1667, '9.00', '1800.00', 52, 22, 19),
(1668, '142.00', '6390.00', 71, 22, 21),
(1669, '4.00', '800.00', 72, 22, 21),
(1670, '2.00', '100.00', 73, 22, 21),
(1671, '3.00', '7500.00', 22, 22, 14),
(1672, '2.00', '3600.00', 23, 22, 14),
(1673, '1.00', '1200.00', 24, 22, 14),
(1674, '1.00', '4500.00', 25, 22, 15),
(1675, '1.00', '3500.00', 26, 22, 15),
(1676, '1.00', '2500.00', 27, 22, 15),
(1677, '1.00', '150.00', 28, 22, 15),
(1678, '1.00', '1500.00', 29, 22, 15),
(1679, '2.00', '1200.00', 30, 22, 15),
(1680, '3.00', '4500.00', 36, 22, 15);

-- --------------------------------------------------------

--
-- Table structure for table `tblmaterialestimationtemplate`
--

CREATE TABLE `tblmaterialestimationtemplate` (
  `intMaterialEstimationTemplateId` int(11) NOT NULL,
  `decQty` decimal(15,4) NOT NULL,
  `intWorkSubCategoryId` int(11) NOT NULL,
  `intProjectTemplateId` int(11) NOT NULL,
  `intMaterialId` int(11) NOT NULL
) ENGINE=InnoDB DEFAULT CHARSET=latin1;

--
-- Dumping data for table `tblmaterialestimationtemplate`
--

INSERT INTO `tblmaterialestimationtemplate` (`intMaterialEstimationTemplateId`, `decQty`, `intWorkSubCategoryId`, `intProjectTemplateId`, `intMaterialId`) VALUES
(1, '56.0000', 5, 1, 1),
(2, '3.2000', 5, 1, 2),
(3, '6.0000', 5, 1, 3),
(4, '144.0000', 5, 1, 4),
(5, '94.0000', 5, 1, 5),
(6, '24.0000', 5, 1, 6),
(7, '26.0000', 6, 1, 1),
(8, '2.0000', 6, 1, 2),
(9, '3.2000', 6, 1, 3),
(10, '52.0000', 6, 1, 4),
(11, '10.0000', 6, 1, 6),
(12, '25.0000', 7, 1, 1),
(13, '3.0000', 7, 1, 2),
(14, '6.0000', 7, 1, 3),
(15, '40.0000', 7, 1, 7),
(16, '2.0000', 7, 1, 6),
(17, '13.0000', 11, 1, 1),
(18, '0.8000', 11, 1, 2),
(19, '1.6000', 11, 1, 3),
(20, '37.0000', 11, 1, 4),
(21, '38.0000', 11, 1, 5),
(22, '7.0000', 11, 1, 6),
(23, '4.0000', 8, 1, 1),
(24, '0.4000', 8, 1, 2),
(25, '0.4000', 8, 1, 3),
(26, '12.0000', 8, 1, 4),
(27, '12.0000', 8, 1, 5),
(28, '2.0000', 8, 1, 6),
(29, '2.0000', 13, 1, 1),
(30, '0.2000', 13, 1, 2),
(31, '0.3000', 13, 1, 3),
(32, '12.0000', 13, 1, 5),
(33, '2.0000', 13, 1, 4),
(34, '2.0000', 13, 1, 6),
(35, '20.0000', 9, 1, 1),
(36, '1.0000', 9, 1, 2),
(37, '2.2000', 9, 1, 3),
(38, '23.0000', 9, 1, 4),
(39, '1.2000', 9, 1, 6),
(40, '60.0000', 12, 1, 1),
(41, '8.0000', 12, 1, 2),
(42, '85.0000', 12, 1, 14),
(43, '1290.0000', 12, 1, 15),
(44, '200.0000', 12, 1, 16),
(45, '9.0000', 12, 1, 6),
(46, '50.0000', 13, 1, 17),
(47, '9.0000', 13, 1, 18),
(48, '19.0000', 13, 1, 19),
(49, '7.5000', 13, 1, 20),
(50, '28.0000', 13, 1, 21),
(51, '30.0000', 17, 1, 37),
(52, '8.0000', 17, 1, 38),
(53, '1.0000', 17, 1, 39),
(54, '60.0000', 18, 1, 37),
(55, '11.0000', 18, 1, 40),
(56, '7.0000', 18, 1, 41),
(57, '13.0000', 18, 1, 42),
(58, '0.5000', 19, 1, 43),
(59, '0.5000', 19, 1, 44),
(60, '0.3000', 19, 1, 45),
(61, '16.0000', 19, 1, 46),
(62, '25.0000', 19, 1, 47),
(63, '18.0000', 19, 1, 48),
(64, '8.0000', 19, 1, 49),
(65, '8.0000', 19, 1, 50),
(66, '4.0000', 19, 1, 51),
(67, '9.0000', 19, 1, 52),
(85, '142.0000', 21, 1, 71),
(86, '4.0000', 21, 1, 72),
(87, '2.0000', 21, 1, 73),
(88, '3.0000', 14, 1, 22),
(89, '2.0000', 14, 1, 23),
(90, '1.0000', 14, 1, 24),
(91, '1.0000', 15, 1, 25),
(92, '1.0000', 15, 1, 26),
(93, '1.0000', 15, 1, 27),
(94, '1.0000', 15, 1, 28),
(95, '1.0000', 15, 1, 29),
(96, '2.0000', 15, 1, 30),
(97, '3.0000', 15, 1, 36);

-- --------------------------------------------------------

--
-- Table structure for table `tblmaterials`
--

CREATE TABLE `tblmaterials` (
  `intMaterialId` int(11) NOT NULL,
  `strMaterialName` varchar(45) NOT NULL,
  `strUnit` char(5) NOT NULL,
  `intActive` varchar(45) NOT NULL
) ENGINE=InnoDB DEFAULT CHARSET=utf8;

--
-- Dumping data for table `tblmaterials`
--

INSERT INTO `tblmaterials` (`intMaterialId`, `strMaterialName`, `strUnit`, `intActive`) VALUES
(1, 'cement 40kg', 'bags', '1'),
(2, 'sand', 'cum', '1'),
(3, 'gravel', 'cum', '1'),
(4, 'Main bars-12mm', 'pcs', '1'),
(5, 'ties/stirrups bars-10mm', 'pcs', '1'),
(6, 'Tie wire', 'kgs', '1'),
(7, 'bars-10mm', 'pcs', '1'),
(8, '2x6 tubular rafter', 'pcs', '1'),
(9, '2x6 C purlins', 'pcs', '1'),
(10, '2x3 C purlins', 'pcs', '1'),
(11, 'sog rod 10mm', 'pcs', '1'),
(12, 'cleats-10mm bar', 'pcs', '1'),
(13, 'Scaffolding - for beam and painting', 'lot', '1'),
(14, 'Dowel bars-10mm', 'pcs', '1'),
(15, '5\" chb wall', 'pcs', '1'),
(16, '4\" chb wall', 'pcs', '1'),
(17, 'roof sheet w/ insullation', 'sm', '1'),
(18, 'gutter', 'lm', '1'),
(19, 'end flashing', 'lm', '1'),
(20, 'flashing on firewall', 'lm', '1'),
(21, 'fascia bd 1x10', 'lm', '1'),
(22, 'window W1', 'pcs', '1'),
(23, 'window W2', 'pcs', '1'),
(24, 'window W3', 'pc', '1'),
(25, 'door D1', 'pc', '1'),
(26, 'door D2', 'pc', '1'),
(27, 'door D3', 'pc', '1'),
(28, 'door stopper', 'pcs', '1'),
(29, 'service door knob', 'pc', '1'),
(30, 'doorknob', 'pcs', '1'),
(31, '1/4 hardiflex - for toilet', 'pcs', '1'),
(32, '1/4 plywood marine', 'pcs', '1'),
(33, '2x2x3 ceiling haner', 'pcs', '1'),
(34, '2x2x3 ceiling joist', 'pcs', '1'),
(35, 'kitchen cabinet', 'set', '1'),
(36, 'door jamb', 'pcs', '1'),
(37, 'sanding paper', 'pcs', '1'),
(38, 'flat coating', 'gal', '1'),
(39, 'patching compound + glazing putty', 'set', '1'),
(40, 'flat first coating', 'gal', '1'),
(41, 'semi gloss latex', 'gal', '1'),
(42, 'skim coat', 'bags', '1'),
(43, '#14 THHN', 'box', '1'),
(44, '#12 THHN', 'box', '1'),
(45, '#10 THHN', 'box', '1'),
(46, '3/4\" Electrical Pipe PVC Conduit', 'pcs', '1'),
(47, 'pvc clips', 'pcs', '1'),
(48, 'bushing', 'pcs', '1'),
(49, 'lights', 'pcs', '1'),
(50, 'junction box', 'pcs', '1'),
(51, 'light switch + utility box', 'pcs', '1'),
(52, 'current outlets + cover + utility box', 'pcs', '1'),
(53, '4\" SaniGuard PVC Pipe', 'pcs', '1'),
(54, '3\" SaniGuard PVC Pipe', 'pcs', '1'),
(55, '2\" SaniGuard PCS Pipe', 'pcs', '1'),
(56, '3/4\" Waterline Pipe', 'pcs', '1'),
(57, '1/2 Waterline Pipe', 'pcs', '1'),
(58, 'PVC Cement', 'can', '1'),
(59, 'sealants', 'lot', '1'),
(60, 'assorted fittings', 'pcs', '1'),
(61, 'kitchen sink', 'pcs', '1'),
(62, 'faucet', 'pcs', '1'),
(63, 'lavatory faucet', 'pcs', '1'),
(64, 'kitchen faucet', 'pcs', '1'),
(65, 'floor drain', 'pcs', '1'),
(66, 'shower head', 'pcs', '1'),
(67, 'water closet', 'pcs', '1'),
(68, 'Lavatory \"HCG\"', 'pcs', '1'),
(69, 'Catch Basins', 'pcs', '1'),
(70, 'septic tank', 'lot', '1'),
(71, '24x24', 'pcs', '1'),
(72, 'tile adhesive', 'bags', '1'),
(73, 'tile grout', 'bags', '1'),
(74, '12X12  Floor Tile', 'pcs', '1'),
(75, '12X24  Floor Tile', 'pcs', '1'),
(76, '16X16  Floor Tile', 'pcs', '1'),
(77, '24X24  Floor Tile', 'pcs', '1'),
(78, '8X8  Floor Tile', 'pcs', '1'),
(79, '12X24  Digital Tile', 'pcs', '1'),
(80, '16x16  Digital Tile', 'pcs', '1'),
(81, '24x24  Digital Tile', 'pcs', '1'),
(82, '8x24  Digital Tile', 'pcs', '1'),
(83, '50cmx50cm  Carpet Tile', 'pcs', '1'),
(84, '8x8  Kitchen and Bathroom Floor Tile', 'pcs', '1'),
(85, '8x12  Kitchen and Bathroom Wall Tile', 'pcs', '1');

-- --------------------------------------------------------

--
-- Table structure for table `tblprice`
--

CREATE TABLE `tblprice` (
  `intPriceId` int(11) NOT NULL,
  `dtmPriceAsOf` timestamp NOT NULL DEFAULT CURRENT_TIMESTAMP ON UPDATE CURRENT_TIMESTAMP,
  `decPrice` decimal(15,2) NOT NULL,
  `intMaterialId` int(11) NOT NULL
) ENGINE=InnoDB DEFAULT CHARSET=utf8;

--
-- Dumping data for table `tblprice`
--

INSERT INTO `tblprice` (`intPriceId`, `dtmPriceAsOf`, `decPrice`, `intMaterialId`) VALUES
(1, '2018-08-21 00:43:08', '4000.00', 1),
(2, '2018-08-21 00:43:08', '1500.00', 2),
(3, '2018-08-21 00:43:08', '1500.00', 3),
(4, '2018-08-21 00:43:08', '350.00', 4),
(5, '2018-08-21 00:43:08', '350.00', 5),
(6, '2018-08-21 00:43:08', '600.00', 6),
(7, '2018-08-21 00:43:08', '235.00', 7),
(8, '2018-08-21 00:43:09', '800.00', 8),
(9, '2018-08-21 00:43:09', '1500.00', 9),
(10, '2018-08-21 00:43:09', '182.00', 10),
(11, '2018-08-21 00:43:09', '122.00', 11),
(12, '2018-08-21 00:43:09', '60.00', 12),
(13, '2018-08-21 00:43:09', '122.00', 13),
(14, '2018-08-21 00:43:09', '6000.00', 14),
(15, '2018-08-21 00:43:09', '700.00', 15),
(16, '2018-08-21 00:43:09', '500.00', 16),
(17, '2018-08-21 00:43:09', '122.00', 17),
(18, '2018-08-21 00:43:09', '122.00', 18),
(19, '2018-08-21 00:43:09', '25000.00', 19),
(20, '2018-08-21 00:43:09', '122.00', 20),
(21, '2018-08-21 00:43:09', '15.00', 21),
(22, '2018-08-21 00:43:09', '10.00', 22),
(23, '2018-08-21 00:43:09', '450.00', 23),
(24, '2018-08-21 00:43:09', '50.00', 24),
(25, '2018-08-21 00:43:09', '100.00', 25),
(26, '2018-08-21 00:43:09', '50.00', 26),
(27, '2018-08-21 00:43:09', '75.00', 27),
(28, '2018-08-21 00:43:09', '2500.00', 28),
(29, '2018-08-21 00:43:09', '1800.00', 29),
(30, '2018-08-21 00:43:09', '1200.00', 30),
(31, '2018-08-21 00:43:09', '4500.00', 31),
(32, '2018-08-21 00:43:09', '3500.00', 32),
(33, '2018-08-21 00:43:09', '2500.00', 33),
(34, '2018-08-21 00:43:09', '150.00', 34),
(35, '2018-08-21 00:43:09', '1500.00', 35),
(36, '2018-08-21 00:43:09', '600.00', 36),
(37, '2018-08-21 00:43:09', '800.00', 37),
(38, '2018-08-21 00:43:09', '400.00', 38),
(39, '2018-08-21 00:43:09', '285.00', 39),
(40, '2018-08-21 00:43:10', '285.00', 40),
(41, '2018-08-21 00:43:10', '8000.00', 41),
(42, '2018-08-21 00:43:10', '1500.00', 42),
(43, '2018-08-21 00:43:10', '12.00', 43),
(44, '2018-08-21 00:43:10', '450.00', 44),
(45, '2018-08-21 00:43:10', '600.00', 45),
(46, '2018-08-21 00:43:10', '450.00', 46),
(47, '2018-08-21 00:43:10', '600.00', 47),
(48, '2018-08-21 00:43:10', '550.00', 48),
(49, '2018-08-21 00:43:10', '2100.00', 49),
(50, '2018-08-21 00:43:10', '3100.00', 50),
(51, '2018-08-21 00:43:10', '4700.00', 51),
(52, '2018-08-21 00:43:10', '100.00', 52),
(53, '2018-08-21 00:43:10', '3.00', 53),
(54, '2018-08-21 00:43:10', '10.00', 54),
(55, '2018-08-21 00:43:10', '500.00', 55),
(56, '2018-08-21 00:43:10', '25.00', 56),
(57, '2018-08-21 00:43:10', '200.00', 57),
(58, '2018-08-21 00:43:10', '200.00', 58),
(59, '2018-08-21 00:43:10', '750.00', 59),
(60, '2018-08-21 00:43:10', '560.00', 60),
(61, '2018-08-21 00:43:10', '260.00', 61),
(62, '2018-08-21 00:43:10', '120.00', 62),
(63, '2018-08-21 00:43:10', '75.00', 63),
(64, '2018-08-21 00:43:10', '70.00', 64),
(65, '2018-08-21 00:43:10', '250.00', 65),
(66, '2018-08-21 00:43:10', '100.00', 66),
(67, '2018-08-21 00:43:10', '2500.00', 67),
(68, '2018-08-21 00:43:10', '300.00', 68),
(69, '2018-08-21 00:43:10', '1000.00', 69),
(70, '2018-08-21 00:43:10', '1000.00', 70),
(71, '2018-08-21 00:43:11', '250.00', 71),
(72, '2018-08-21 00:43:11', '1500.00', 72),
(73, '2018-08-21 00:43:11', '4000.00', 73),
(74, '2018-08-23 00:44:20', '235.00', 1),
(75, '2018-08-23 00:44:20', '800.00', 2),
(76, '2018-08-23 00:44:20', '1500.00', 3),
(77, '2018-08-23 00:44:20', '182.00', 4),
(78, '2018-08-23 00:44:20', '122.00', 5),
(79, '2018-08-23 00:44:20', '60.00', 6),
(80, '2018-08-23 00:44:20', '122.00', 7),
(81, '2018-08-23 00:44:20', '6000.00', 8),
(82, '2018-08-23 00:44:20', '700.00', 9),
(83, '2018-08-23 00:44:20', '500.00', 10),
(84, '2018-08-23 00:44:20', '122.00', 11),
(85, '2018-08-23 00:44:20', '122.00', 12),
(86, '2018-08-23 00:44:20', '25000.00', 13),
(87, '2018-08-23 00:44:20', '122.00', 24),
(88, '2018-10-01 09:40:09', '15.00', 15),
(89, '2018-08-23 00:44:20', '10.00', 16),
(90, '2018-08-23 00:44:20', '450.00', 17),
(91, '2018-08-23 00:44:20', '50.00', 18),
(92, '2018-08-23 00:44:20', '100.00', 19),
(93, '2018-08-23 00:44:20', '50.00', 20),
(94, '2018-08-23 00:44:20', '75.00', 21),
(95, '2018-08-23 00:44:21', '2500.00', 22),
(96, '2018-08-23 00:44:21', '1800.00', 23),
(97, '2018-08-23 00:44:21', '1200.00', 24),
(98, '2018-08-23 00:44:21', '4500.00', 25),
(99, '2018-08-23 00:44:21', '3500.00', 26),
(100, '2018-08-23 00:44:21', '2500.00', 27),
(101, '2018-08-23 00:44:21', '150.00', 28),
(102, '2018-08-23 00:44:21', '1500.00', 29),
(103, '2018-08-23 00:44:21', '600.00', 30),
(104, '2018-08-23 00:44:21', '800.00', 31),
(105, '2018-08-23 00:44:21', '400.00', 32),
(106, '2018-08-23 00:44:21', '285.00', 33),
(107, '2018-08-23 00:44:21', '285.00', 34),
(108, '2018-08-23 00:44:21', '8000.00', 35),
(109, '2018-08-23 00:44:21', '1500.00', 36),
(110, '2018-08-23 00:44:21', '12.00', 37),
(111, '2018-08-23 00:44:21', '450.00', 38),
(112, '2018-08-23 00:44:21', '600.00', 39),
(113, '2018-08-23 00:44:21', '450.00', 40),
(114, '2018-08-23 00:44:21', '600.00', 41),
(115, '2018-08-23 00:44:21', '550.00', 42),
(116, '2018-08-23 00:44:21', '2100.00', 43),
(117, '2018-08-23 00:44:21', '3100.00', 44),
(118, '2018-08-23 00:44:21', '4700.00', 45),
(119, '2018-08-23 00:44:21', '100.00', 46),
(120, '2018-08-23 00:44:21', '3.00', 47),
(121, '2018-08-23 00:44:21', '10.00', 48),
(122, '2018-08-23 00:44:21', '500.00', 49),
(123, '2018-08-23 00:44:21', '25.00', 50),
(124, '2018-08-23 00:44:22', '200.00', 51),
(125, '2018-08-23 00:44:22', '200.00', 52),
(126, '2018-08-23 00:44:22', '750.00', 53),
(127, '2018-08-23 00:44:22', '560.00', 54),
(128, '2018-08-23 00:44:22', '260.00', 55),
(129, '2018-08-23 00:44:22', '120.00', 56),
(130, '2018-08-23 00:44:22', '75.00', 57),
(131, '2018-08-23 00:44:22', '70.00', 58),
(132, '2018-08-23 00:44:22', '250.00', 59),
(133, '2018-08-23 00:44:22', '100.00', 60),
(134, '2018-08-23 00:44:22', '2500.00', 61),
(135, '2018-08-23 00:44:22', '300.00', 62),
(136, '2018-08-23 00:44:22', '1000.00', 63),
(137, '2018-08-23 00:44:22', '1000.00', 64),
(138, '2018-08-23 00:44:22', '250.00', 65),
(139, '2018-08-23 00:44:22', '1500.00', 66),
(140, '2018-08-23 00:44:22', '4000.00', 67),
(141, '2018-08-23 00:44:22', '3500.00', 68),
(142, '2018-08-23 00:44:22', '500.00', 69),
(143, '2018-08-23 00:44:22', '12000.00', 70),
(144, '2018-08-23 00:44:22', '45.00', 71),
(145, '2018-08-23 00:44:22', '200.00', 72),
(146, '2018-08-23 00:44:22', '50.00', 73),
(147, '2018-09-23 09:46:20', '23.00', 74),
(148, '2018-09-23 09:46:20', '168.75', 75),
(149, '2018-09-23 09:46:20', '61.25', 76),
(150, '2018-09-23 09:46:20', '392.75', 77),
(151, '2018-09-23 09:46:20', '13.30', 78),
(152, '2018-09-23 09:46:20', '92.00', 79),
(153, '2018-09-23 09:46:20', '61.25', 80),
(154, '2018-09-23 09:46:20', '164.75', 81),
(155, '2018-09-23 09:46:20', '59.00', 82),
(156, '2018-09-23 09:46:20', '170.00', 83),
(157, '2018-09-23 09:46:20', '13.30', 84),
(158, '2018-09-23 09:46:20', '22.20', 85),
(159, '2018-10-02 02:07:24', '160.00', 14),
(160, '2018-12-09 09:55:31', '3000.00', 45),
(161, '2018-10-24 21:57:29', '80.00', 57),
(162, '2018-10-25 19:01:41', '24.00', 74),
(163, '2018-10-25 19:01:52', '93.00', 79),
(164, '2018-10-25 19:02:05', '261.00', 55),
(165, '2018-10-25 19:02:21', '11.00', 16),
(166, '2018-11-07 03:43:53', '4500.00', 45),
(167, '2019-02-09 14:08:41', '4000.00', 45),
(168, '2019-02-12 09:06:30', '4100.00', 45),
(169, '2019-02-12 09:06:53', '94.00', 79),
(170, '2019-02-12 09:07:09', '250.00', 62),
(171, '2019-02-12 09:41:39', '81.00', 57),
(172, '2019-02-12 09:41:49', '801.00', 31),
(173, '2019-02-12 09:42:21', '401.00', 32),
(174, '2019-02-12 09:42:30', '25.00', 74),
(175, '2019-02-12 09:42:40', '95.00', 79),
(176, '2019-02-12 09:42:55', '169.75', 75),
(177, '2019-02-12 09:43:06', '46.00', 71),
(178, '2019-02-12 09:43:35', '101.00', 46),
(179, '2019-02-12 09:43:45', '561.00', 54),
(180, '2019-02-12 09:43:54', '121.00', 56),
(181, '2019-02-12 09:44:08', '286.00', 33),
(182, '2019-02-12 09:44:19', '171.00', 83),
(183, '2019-02-12 09:44:35', '501.00', 10),
(184, '2019-02-12 09:44:45', '12.00', 16),
(185, '2019-02-12 09:44:58', '151.00', 28);

-- --------------------------------------------------------

--
-- Table structure for table `tblproject`
--

CREATE TABLE `tblproject` (
  `intProjectId` int(11) NOT NULL,
  `strProjectName` varchar(30) NOT NULL,
  `txtProjectDesc` text NOT NULL,
  `strProjectStatus` char(25) NOT NULL,
  `strProjectLocation` varchar(45) NOT NULL,
  `strClientName` varchar(100) NOT NULL,
  `intEmployeeId` int(11) NOT NULL,
  `intActive` int(1) NOT NULL,
  `intProjectTemplateId` int(11) NOT NULL,
  `dtmDateFinished` date DEFAULT NULL
) ENGINE=InnoDB DEFAULT CHARSET=utf8;

--
-- Dumping data for table `tblproject`
--

INSERT INTO `tblproject` (`intProjectId`, `strProjectName`, `txtProjectDesc`, `strProjectStatus`, `strProjectLocation`, `strClientName`, `intEmployeeId`, `intActive`, `intProjectTemplateId`, `dtmDateFinished`) VALUES
(1, 'Project 1', 'adasdasdsad', 'for approval', 'Cavite', 'Dus Win Ros', 666, 0, 1, NULL),
(2, 'Project 1', '1 storey Residential', 'on going', 'Bulacan', 'Flora Soriano', 778, 1, 1, NULL),
(3, 'Project 2', '1 Storey Residencial', 'on going', 'Bulacan', 'June Soriano', 666, 1, 1, NULL),
(4, 'Project 3', '1 Storey', 'for approval', 'Bulacan', 'Judy Reyes', 666, 1, 1, NULL),
(5, 'Project 4', 'qwe', 'finished', 'Bulacan', 'Jethro Reyes', 666, 1, 1, '2018-12-07'),
(6, 'Reyes Residence', 'qweqweq', 'pending', 'Bulacan', 'Erika Robes', 666, 0, 1, NULL),
(8, 'fsdfdfds', 'fsdf', 'pending', 'asd', 'Milca Fernandez', 666, 0, 1, NULL),
(9, 'Elisse\'s', 'qwe', 'for approval', 'Bulacan', 'Elisse Victoria', 666, 0, 1, NULL),
(10, 'Elisse\'s', 'adsa', 'for approval', 'Bulacan', 'Mona Lopez', 666, 0, 1, NULL),
(11, 'Elisse\'s', 'adas', 'for approval', 'Bulacan', 'Roscelline Dela Pena', 666, 0, 1, NULL),
(12, 'Elisse\'s', 'dadss', 'for approval', 'Bulacan', 'Jayson Soriano', 666, 0, 1, NULL),
(13, 'Grace\'s', '1 storey residential', 'on going', 'Bulacan', 'Grace Bernales', 666, 1, 1, NULL),
(14, 'Marciano\'s Residence', '1 Storey Residential', 'pending', 'Bulacan', 'Jazmine Marciano', 666, 1, 1, NULL),
(15, 'Janice\'s', 'Residential project', 'for approval', 'Cavite', 'Janice Soriano', 666, 0, 1, NULL),
(16, 'Ely\'s', 'residential', 'for approval', 'cavite', 'Ely Coro', 666, 0, 1, NULL),
(17, 'Armando\'s', 'Residential', 'finished', 'Bulacan', 'Armando Soriano', 666, 1, 1, '2018-10-24'),
(18, 'Project 18', 'residential', 'on going', 'Bulacan', 'Dustin Alpasar', 666, 1, 1, NULL),
(19, 'Jayson\'s', 'For the one and only', 'on going', 'Cavite', 'Mj Tapiru', 666, 1, 1, NULL),
(20, 'Jallane\'s', '1 storey residential', 'on going', 'Cavite', 'Jallane Pongco', 666, 1, 1, NULL),
(21, 'Ron\'s', '1 Storey residential', 'on going', 'Cavite', 'Ron Pongco', 666, 1, 1, NULL),
(22, 'Janine\'s', 'qwe', 'on going', 'Cavite', 'Janine Perez', 666, 1, 1, NULL),
(23, 'Robin\'s', 'qeqwe', 'pending', 'Bulacan', 'Robin Cruz', 666, 0, 1, NULL),
(24, 'Mr. Santos', 'asd', 'pending', 'Cavite', 'Glenmar Santos', 666, 1, 1, NULL),
(25, 'Project June', 'residential', 'on going', 'Cavite', 'June Alex Soriano', 666, 1, 1, NULL),
(26, 'Roscelline\'s Place', 'qweqwe', 'on going', 'Bulacan', 'Judy Reyes', 666, 1, 1, NULL),
(27, 'Wallace Residence', 'Residential project', 'pending', 'Bulacan', 'Ben Wallace', 666, 1, 1, NULL),
(28, 'Benhur Project', 'Residential project', 'pending', 'Cavite', 'Benhur Masalihit', 666, 1, 1, NULL),
(29, 'Gepolongca Residence', 'Residential project', 'on going', 'Cavite', 'Flora Gepolongca', 666, 1, 1, NULL),
(30, 'Ocenar Project', 'Residential', 'pending', 'Bulacan', 'Pepin Ocenar', 666, 1, 1, NULL),
(31, 'Suan Residence', 'Residential project', 'pending', 'Marikina City', 'Jeff Suan', 666, 1, 1, NULL),
(32, 'Benin Project', 'Residential project', 'pending', 'Caloocan', 'Clara Benin', 666, 1, 1, NULL),
(33, 'Clairo Project', 'Residential', 'pending', 'Laguna', 'Claire Cottrill', 666, 1, 1, NULL),
(34, 'Avila Residence', 'Residential', 'pending', 'Cavite', 'Joshua Avila', 666, 1, 1, NULL),
(35, 'Mijares Residence', 'Residential Project', 'pending', 'Bulacan', 'Shelamar Mijares', 666, 1, 1, NULL);

-- --------------------------------------------------------

--
-- Table structure for table `tblprojectrequirements`
--

CREATE TABLE `tblprojectrequirements` (
  `intRequirementId` int(11) NOT NULL,
  `strDesc` varchar(30) NOT NULL,
  `decEstimatedPrice` decimal(15,2) NOT NULL,
  `decActualPrice` decimal(15,2) DEFAULT NULL,
  `intProjectId` int(11) NOT NULL,
  `intWorkSubCategoryId` int(11) NOT NULL
) ENGINE=InnoDB DEFAULT CHARSET=latin1;

--
-- Dumping data for table `tblprojectrequirements`
--

INSERT INTO `tblprojectrequirements` (`intRequirementId`, `strDesc`, `decEstimatedPrice`, `decActualPrice`, `intProjectId`, `intWorkSubCategoryId`) VALUES
(1, 'Building Permit', '50000.00', '70000.00', 2, 1),
(2, 'Temporary Facilities', '20000.00', '30000.00', 2, 2),
(3, 'WorkersBarracks', '25000.00', '30000.00', 2, 2),
(4, 'Excavation', '525.00', NULL, 2, 3),
(5, 'Backfill', '525.00', NULL, 2, 3),
(6, 'Lastillas', '80000.00', NULL, 2, 3),
(7, 'Soil Poisoning', '56000.00', NULL, 2, 3),
(8, 'Tools And Equipments', '50000.00', NULL, 2, 4),
(9, 'Transportation', '50009.00', NULL, 2, 4),
(10, 'Contingency', '104453.28', NULL, 2, 4),
(11, 'OverheadProfit', '0.00', NULL, 2, 4),
(12, 'Labor Cost', '1122872.60', NULL, 2, 4),
(13, 'Building Permit', '50000.00', '90000.00', 3, 1),
(14, 'Temporary Facilities', '20000.00', '60000.00', 3, 2),
(15, 'WorkersBarracks', '25003.00', '70000.00', 3, 2),
(16, 'Excavation', '525.00', '50000.00', 3, 3),
(17, 'Backfill', '525.00', '30000.00', 3, 3),
(18, 'Lastillas', '80000.00', '23000.00', 3, 3),
(19, 'Soil Poisoning', '56000.00', '18000.00', 3, 3),
(20, 'Tools And Equipments', '50000.00', '150000.00', 3, 4),
(21, 'Transportation', '50003.00', '40000.00', 3, 4),
(22, 'Contingency', '104453.28', '50000.00', 3, 4),
(23, 'OverheadProfit', '0.00', '100000.00', 3, 4),
(24, 'Labor Cost', '1122872.60', '500000.00', 3, 4),
(25, 'Building Permit', '50000.00', NULL, 4, 1),
(26, 'Temporary Facilities', '20000.00', NULL, 4, 2),
(27, 'WorkersBarracks', '25005.00', NULL, 4, 2),
(28, 'Excavation', '525.00', NULL, 4, 3),
(29, 'Backfill', '525.00', NULL, 4, 3),
(30, 'Lastillas', '80000.00', NULL, 4, 3),
(31, 'Soil Poisoning', '56000.00', NULL, 4, 3),
(32, 'Tools And Equipments', '50000.00', NULL, 4, 4),
(33, 'Transportation', '50000.00', NULL, 4, 4),
(34, 'Contingency', '104453.28', NULL, 4, 4),
(35, 'OverheadProfit', '0.00', NULL, 4, 4),
(36, 'Labor Cost', '1122872.60', NULL, 4, 4),
(37, 'Building Permit', '50000.00', '70000.00', 5, 1),
(38, 'Temporary Facilities', '20000.00', '500000.00', 5, 2),
(39, 'WorkersBarracks', '25008.00', '50000.00', 5, 2),
(40, 'Excavation', '525.00', '80000.00', 5, 3),
(41, 'Backfill', '525.00', '30000.00', 5, 3),
(42, 'Lastillas', '80000.00', '20000.00', 5, 3),
(43, 'Soil Poisoning', '56000.00', '10000.00', 5, 3),
(44, 'Tools And Equipments', '50000.00', '80000.00', 5, 4),
(45, 'Transportation', '50000.00', '76098.00', 5, 4),
(46, 'Contingency', '104453.28', '10000.00', 5, 4),
(47, 'OverheadProfit', '0.00', '100000.00', 5, 4),
(48, 'Labor Cost', '1122872.60', '500000.00', 5, 4),
(49, 'Building Permit', '50000.00', NULL, 9, 1),
(50, 'DENR', '40000.00', NULL, 9, 1),
(51, 'Temporary Facilities', '20000.00', NULL, 9, 2),
(52, 'WorkersBarracks', '25000.00', NULL, 9, 2),
(53, 'Excavation', '525.00', NULL, 9, 3),
(54, 'Backfill', '525.00', NULL, 9, 3),
(55, 'Lastillas', '80000.00', NULL, 9, 3),
(56, 'Soil Poisoning', '56000.00', NULL, 9, 3),
(57, 'Tools And Equipments', '60000.00', NULL, 9, 4),
(58, 'Transportation', '50000.00', NULL, 9, 4),
(59, 'Contingency', '104453.28', NULL, 9, 4),
(60, 'OverheadProfit', '183406.90', NULL, 9, 4),
(61, 'Labor Cost', '1122872.60', NULL, 9, 4),
(62, 'Building Permit', '50000.00', NULL, 10, 1),
(63, 'DENR', '30000.00', NULL, 10, 1),
(64, 'Temporary Facilities', '20000.00', NULL, 10, 2),
(65, 'WorkersBarracks', '25000.00', NULL, 10, 2),
(66, 'Excavation', '525.00', NULL, 10, 3),
(67, 'Backfill', '525.00', NULL, 10, 3),
(68, 'Lastillas', '80000.00', NULL, 10, 3),
(69, 'Soil Poisoning', '56000.00', NULL, 10, 3),
(70, 'Tools And Equipments', '60000.00', NULL, 10, 4),
(71, 'Transportation', '50000.00', NULL, 10, 4),
(72, 'Contingency', '104453.28', NULL, 10, 4),
(73, 'OverheadProfit', '185563.50', NULL, 10, 4),
(74, 'Labor Cost', '1122872.60', NULL, 10, 4),
(75, 'Building Permit', '50000.00', NULL, 11, 1),
(76, 'DENR', '20000.00', NULL, 11, 1),
(77, 'Temporary Facilities', '20000.00', NULL, 11, 2),
(78, 'WorkersBarracks', '25000.00', NULL, 11, 2),
(79, 'Excavation', '525.00', NULL, 11, 3),
(80, 'Backfill', '525.00', NULL, 11, 3),
(81, 'Lastillas', '80000.00', NULL, 11, 3),
(82, 'Soil Poisoning', '56000.00', NULL, 11, 3),
(83, 'Tools And Equipments', '50000.00', NULL, 11, 4),
(84, 'Transportation', '50000.00', NULL, 11, 4),
(85, 'Contingency', '104453.28', NULL, 11, 4),
(86, 'OverheadProfit', '183033.45', NULL, 11, 4),
(87, 'Labor Cost', '1122872.60', NULL, 11, 4),
(88, 'Building Permit', '50000.00', NULL, 12, 1),
(89, 'DENR', '30000.00', NULL, 12, 1),
(90, 'Temporary Facilities', '20000.00', NULL, 12, 2),
(91, 'WorkersBarracks', '25000.00', NULL, 12, 2),
(92, 'Excavation', '525.00', NULL, 12, 3),
(93, 'Backfill', '525.00', NULL, 12, 3),
(94, 'Lastillas', '80000.00', NULL, 12, 3),
(95, 'Soil Poisoning', '56000.00', NULL, 12, 3),
(96, 'Tools And Equipments', '80000.00', NULL, 12, 4),
(97, 'Transportation', '50000.00', NULL, 12, 4),
(98, 'Contingency', '104453.28', NULL, 12, 4),
(99, 'OverheadProfit', '186033.44', NULL, 12, 4),
(100, 'Labor Cost', '1122872.60', NULL, 12, 4),
(101, 'Building Permit', '50000.00', '90000.00', 13, 1),
(102, 'DENR', '30000.00', NULL, 13, 1),
(103, 'Temporary Facilities', '20000.00', NULL, 13, 2),
(104, 'WorkersBarracks', '25000.00', NULL, 13, 2),
(105, 'Excavation', '525.00', NULL, 13, 3),
(106, 'Backfill', '525.00', NULL, 13, 3),
(107, 'Lastillas', '80000.00', NULL, 13, 3),
(108, 'Soil Poisoning', '56000.00', NULL, 13, 3),
(109, 'Tools And Equipments', '50000.00', NULL, 13, 4),
(110, 'Transportation', '50000.00', NULL, 13, 4),
(111, 'Contingency', '104453.28', NULL, 13, 4),
(112, 'OverheadProfit', '183748.64', NULL, 13, 4),
(113, 'Labor Cost', '1122872.60', NULL, 13, 4),
(114, 'Building Permit', '50000.00', NULL, 1, 1),
(115, 'DENR', '30000.00', NULL, 1, 1),
(116, 'Temporary Facilities', '20000.00', NULL, 1, 2),
(117, 'WorkersBarracks', '25000.00', NULL, 1, 2),
(118, 'Excavation', '525.00', NULL, 1, 3),
(119, 'Backfill', '600.00', NULL, 1, 3),
(120, 'Lastillas', '80000.00', NULL, 1, 3),
(121, 'Soil Poisoning', '56000.00', NULL, 1, 3),
(122, 'Tools And Equipments', '50000.00', NULL, 1, 4),
(123, 'Transportation', '50000.00', NULL, 1, 4),
(124, 'Contingency', '104453.28', NULL, 1, 4),
(125, 'OverheadProfit', '182318.24', NULL, 1, 4),
(126, 'Labor Cost', '1122872.60', NULL, 1, 4),
(127, 'Building Permit', '50000.00', NULL, 15, 1),
(128, 'DENR', '30000.00', NULL, 15, 1),
(129, 'Temporary Facilities', '20000.00', NULL, 15, 2),
(130, 'WorkersBarracks', '25000.00', NULL, 15, 2),
(131, 'Excavation', '525.00', NULL, 15, 3),
(132, 'Backfill', '525.00', NULL, 15, 3),
(133, 'Lastillas', '80000.00', NULL, 15, 3),
(134, 'Soil Poisoning', '56000.00', NULL, 15, 3),
(135, 'Tools And Equipments', '50000.00', NULL, 15, 4),
(136, 'Transportation', '60000.00', NULL, 15, 4),
(137, 'Contingency', '104453.28', NULL, 15, 4),
(138, 'OverheadProfit', '145492.12', NULL, 15, 4),
(139, 'Labor Cost', '500000.00', NULL, 15, 4),
(140, 'Building Permit', '50000.00', NULL, 16, 1),
(141, 'DENR', '30000.00', NULL, 16, 1),
(142, 'Temporary Facilities', '20000.00', NULL, 16, 2),
(143, 'WorkersBarracks', '25000.00', NULL, 16, 2),
(144, 'Excavation', '525.00', NULL, 16, 3),
(145, 'Backfill', '525.00', NULL, 16, 3),
(146, 'Lastillas', '80000.00', NULL, 16, 3),
(147, 'Soil Poisoning', '56000.00', NULL, 16, 3),
(148, 'Tools And Equipments', '50000.00', NULL, 16, 4),
(149, 'Transportation', '60000.00', NULL, 16, 4),
(150, 'Contingency', '104453.28', NULL, 16, 4),
(151, 'OverheadProfit', '128642.93', NULL, 16, 4),
(152, 'Labor Cost', '500000.00', NULL, 16, 4),
(153, 'Building Permit', '50000.00', '80000.00', 17, 1),
(154, 'DENR', '30000.00', '30000.00', 17, 1),
(155, 'Temporary Facilities', '20000.00', '20000.00', 17, 2),
(156, 'WorkersBarracks', '25000.00', '30000.00', 17, 2),
(157, 'Excavation', '525.00', '20000.00', 17, 3),
(158, 'Backfill', '525.00', '15000.00', 17, 3),
(159, 'Lastillas', '80000.00', '10000.00', 17, 3),
(160, 'Soil Poisoning', '56000.00', '15000.00', 17, 3),
(161, 'Tools And Equipments', '50000.00', '50000.00', 17, 4),
(162, 'Transportation', '650000.00', '40000.00', 17, 4),
(163, 'Contingency', '104453.28', '10000.00', 17, 4),
(164, 'OverheadProfit', '296734.15', '30000.00', 17, 4),
(165, 'Labor Cost', '500000.00', '550000.00', 17, 4),
(166, 'Building Permit', '50000.00', '90000.00', 18, 1),
(167, 'DENR', '30000.00', '40000.00', 18, 1),
(168, 'Temporary Facilities', '20000.00', '20000.00', 18, 2),
(169, 'WorkersBarracks', '25000.00', NULL, 18, 2),
(170, 'Excavation', '525.00', NULL, 18, 3),
(171, 'Backfill', '525.00', NULL, 18, 3),
(172, 'Lastillas', '80000.00', NULL, 18, 3),
(173, 'Soil Poisoning', '56000.00', NULL, 18, 3),
(174, 'Tools And Equipments', '60000.00', NULL, 18, 4),
(175, 'Transportation', '50000.00', NULL, 18, 4),
(176, 'Contingency', '104453.28', NULL, 18, 4),
(177, 'OverheadProfit', '128642.93', NULL, 18, 4),
(178, 'Labor Cost', '500000.00', NULL, 18, 4),
(179, 'Building Permit', '50000.00', NULL, 19, 1),
(180, 'DENR', '30000.00', NULL, 19, 1),
(181, 'Temporary Facilities', '20000.00', NULL, 19, 2),
(182, 'WorkersBarracks', '25000.00', NULL, 19, 2),
(183, 'Excavation', '525.00', NULL, 19, 3),
(184, 'Backfill', '525.00', NULL, 19, 3),
(185, 'Lastillas', '80000.00', NULL, 19, 3),
(186, 'Soil Poisoning', '56000.00', NULL, 19, 3),
(187, 'Tools And Equipments', '50000.00', NULL, 19, 4),
(188, 'Transportation', '50000.00', NULL, 19, 4),
(189, 'Contingency', '104453.28', NULL, 19, 4),
(190, 'OverheadProfit', '126927.73', NULL, 19, 4),
(191, 'Labor Cost', '500000.00', NULL, 19, 4),
(192, 'Building Permit', '50000.00', NULL, 21, 1),
(193, 'DENR', '30000.00', NULL, 21, 1),
(194, 'Temporary Facilities', '20000.00', NULL, 21, 2),
(195, 'WorkersBarracks', '25000.00', NULL, 21, 2),
(196, 'Excavation', '525.00', NULL, 21, 3),
(197, 'Backfill', '525.00', NULL, 21, 3),
(198, 'Lastillas', '80000.00', NULL, 21, 3),
(199, 'Soil Poisoning', '56000.00', NULL, 21, 3),
(200, 'Tools And Equipments', '50000.00', NULL, 21, 4),
(201, 'Transportation', '50000.00', NULL, 21, 4),
(202, 'Contingency', '104453.28', NULL, 21, 4),
(203, 'OverheadProfit', '126927.73', NULL, 21, 4),
(204, 'Labor Cost', '500000.00', NULL, 21, 4),
(205, 'Building Permit', '50000.00', NULL, 20, 1),
(206, 'DENR', '30000.00', NULL, 20, 1),
(207, 'Temporary Facilities', '20000.00', NULL, 20, 2),
(208, 'WorkersBarracks', '25000.00', NULL, 20, 2),
(209, 'Excavation', '525.00', NULL, 20, 3),
(210, 'Backfill', '525.00', NULL, 20, 3),
(211, 'Lastillas', '80000.00', NULL, 20, 3),
(212, 'Soil Poisoning', '56000.00', NULL, 20, 3),
(213, 'Tools And Equipments', '50000.00', NULL, 20, 4),
(214, 'Transportation', '50000.00', NULL, 20, 4),
(215, 'Contingency', '104453.28', NULL, 20, 4),
(216, 'OverheadProfit', '126927.73', NULL, 20, 4),
(217, 'Labor Cost', '500000.00', NULL, 20, 4),
(218, 'Building Permit', '50000.00', NULL, 25, 1),
(219, 'DENR', '30000.00', NULL, 25, 1),
(220, 'Temporary Facilities', '20000.00', NULL, 25, 2),
(221, 'WorkersBarracks', '25000.00', NULL, 25, 2),
(222, 'Excavation', '525.00', NULL, 25, 3),
(223, 'Backfill', '525.00', NULL, 25, 3),
(224, 'Lastillas', '80000.00', NULL, 25, 3),
(225, 'Soil Poisoning', '56000.00', NULL, 25, 3),
(226, 'Tools And Equipments', '50000.00', NULL, 25, 4),
(227, 'Transportation', '50000.00', NULL, 25, 4),
(228, 'Contingency', '104453.28', NULL, 25, 4),
(229, 'OverheadProfit', '142691.33', NULL, 25, 4),
(230, 'Labor Cost', '600000.00', NULL, 25, 4),
(231, 'Building Permit', '50000.00', NULL, 26, 1),
(232, 'DENR', '30000.00', NULL, 26, 1),
(233, 'Temporary Facilities', '20000.00', NULL, 26, 2),
(234, 'WorkersBarracks', '25000.00', NULL, 26, 2),
(235, 'Excavation', '525.00', NULL, 26, 3),
(236, 'Backfill', '525.00', NULL, 26, 3),
(237, 'Lastillas', '80000.00', NULL, 26, 3),
(238, 'Soil Poisoning', '56000.00', NULL, 26, 3),
(239, 'Tools And Equipments', '50000.00', NULL, 26, 4),
(240, 'Transportation', '50000.00', NULL, 26, 4),
(241, 'Contingency', '104453.28', NULL, 26, 4),
(242, 'OverheadProfit', '126977.73', NULL, 26, 4),
(243, 'Labor Cost', '500000.00', NULL, 26, 4),
(244, 'Building Permit', '50000.00', NULL, 29, 1),
(245, 'DENR', '30000.00', NULL, 29, 1),
(246, 'Temporary Facilities', '20000.00', NULL, 29, 2),
(247, 'WorkersBarracks', '25000.00', NULL, 29, 2),
(248, 'Excavation', '525.00', NULL, 29, 3),
(249, 'Backfill', '525.00', NULL, 29, 3),
(250, 'Lastillas', '80000.00', NULL, 29, 3),
(251, 'Soil Poisoning', '56000.00', NULL, 29, 3),
(252, 'Tools And Equipments', '50000.00', NULL, 29, 4),
(253, 'Transportation', '50000.00', NULL, 29, 4),
(254, 'Contingency', '104453.28', NULL, 29, 4),
(255, 'OverheadProfit', '126980.73', NULL, 29, 4),
(256, 'Labor Cost', '500000.00', NULL, 29, 4),
(257, 'Building Permit', '50000.00', NULL, 22, 1),
(258, 'DENR', '30000.00', NULL, 22, 1),
(259, 'Temporary Facilities', '20000.00', NULL, 22, 2),
(260, 'WorkersBarracks', '25000.00', NULL, 22, 2),
(261, 'Excavation', '525.00', NULL, 22, 3),
(262, 'Backfill', '525.00', NULL, 22, 3),
(263, 'Lastillas', '80000.00', NULL, 22, 3),
(264, 'Soil Poisoning', '56000.00', NULL, 22, 3),
(265, 'Tools And Equipments', '50000.00', NULL, 22, 4),
(266, 'Transportation', '50000.00', NULL, 22, 4),
(267, 'Contingency', '104453.28', NULL, 22, 4),
(268, 'OverheadProfit', '126980.73', NULL, 22, 4),
(269, 'Labor Cost', '500000.00', NULL, 22, 4);

-- --------------------------------------------------------

--
-- Table structure for table `tblprojectrequirementstemplate`
--

CREATE TABLE `tblprojectrequirementstemplate` (
  `intProjectRequirementsTemplateId` int(11) NOT NULL,
  `decCost` decimal(15,2) NOT NULL,
  `intWorkSubCategoryId` int(11) NOT NULL,
  `intProjectTemplateId` int(11) NOT NULL
) ENGINE=InnoDB DEFAULT CHARSET=latin1;

--
-- Dumping data for table `tblprojectrequirementstemplate`
--

INSERT INTO `tblprojectrequirementstemplate` (`intProjectRequirementsTemplateId`, `decCost`, `intWorkSubCategoryId`, `intProjectTemplateId`) VALUES
(1, '50000.00', 1, 1),
(2, '30000.00', 1, 1),
(3, '20000.00', 2, 1),
(4, '25000.00', 2, 1),
(5, '525.00', 3, 1),
(6, '525.00', 3, 1),
(7, '80000.00', 3, 1),
(8, '56000.00', 3, 1),
(9, '500000.00', 4, 1),
(10, '50000.00', 5, 1),
(11, '50000.00', 6, 1),
(12, '104453.28', 7, 1),
(13, '0.10', 8, 1);

-- --------------------------------------------------------

--
-- Table structure for table `tblprojecttemplate`
--

CREATE TABLE `tblprojecttemplate` (
  `intProjectTemplateId` int(11) NOT NULL,
  `strTemplateName` varchar(45) NOT NULL
) ENGINE=InnoDB DEFAULT CHARSET=latin1;

--
-- Dumping data for table `tblprojecttemplate`
--

INSERT INTO `tblprojecttemplate` (`intProjectTemplateId`, `strTemplateName`) VALUES
(1, '1-Storey'),
(2, '2-Storey'),
(3, '3-Storey');

-- --------------------------------------------------------

--
-- Table structure for table `tblschedules`
--

CREATE TABLE `tblschedules` (
  `intScheduleId` int(11) NOT NULL,
  `dtmEstimatedStart` date NOT NULL,
  `dtmEstimatedEnd` date NOT NULL,
  `dtmActualStart` date DEFAULT NULL,
  `dtmActualEnd` date DEFAULT NULL,
  `intProjectId` int(11) NOT NULL,
  `intWorkSubCategoryId` int(11) NOT NULL,
  `intDependencyScheduleId` int(11) DEFAULT NULL
) ENGINE=InnoDB DEFAULT CHARSET=utf8;

--
-- Dumping data for table `tblschedules`
--

INSERT INTO `tblschedules` (`intScheduleId`, `dtmEstimatedStart`, `dtmEstimatedEnd`, `dtmActualStart`, `dtmActualEnd`, `intProjectId`, `intWorkSubCategoryId`, `intDependencyScheduleId`) VALUES
(1, '2018-10-08', '2018-10-11', '2018-10-08', '2018-10-11', 3, 1, NULL),
(2, '2018-10-12', '2018-10-15', '2018-10-13', '2018-11-07', 3, 2, 1),
(3, '2018-10-16', '2018-10-19', '2018-10-18', '2018-10-24', 3, 3, 2),
(4, '2018-10-20', '2018-10-23', NULL, NULL, 3, 4, 3),
(5, '2018-10-24', '2018-10-31', NULL, NULL, 3, 5, 4),
(6, '2018-11-01', '2018-11-09', NULL, NULL, 3, 6, 5),
(7, '2018-11-10', '2018-11-16', NULL, NULL, 3, 7, 6),
(8, '2018-11-17', '2018-11-24', NULL, NULL, 3, 8, 7),
(9, '2018-11-25', '2018-11-30', NULL, NULL, 3, 9, 8),
(10, '2018-12-01', '2018-12-08', NULL, NULL, 3, 11, 9),
(11, '2018-12-09', '2018-12-20', NULL, NULL, 3, 12, 10),
(12, '2018-12-21', '2018-12-23', NULL, NULL, 3, 13, 11),
(13, '2018-12-24', '2018-12-27', NULL, NULL, 3, 14, 12),
(14, '2018-12-28', '2018-12-30', NULL, NULL, 3, 15, 13),
(15, '2018-12-31', '2019-01-01', NULL, NULL, 3, 17, 14),
(16, '2019-01-02', '2019-01-05', NULL, NULL, 3, 18, 15),
(17, '2019-01-06', '2019-01-08', NULL, NULL, 3, 19, 16),
(18, '2019-01-09', '2019-01-17', NULL, NULL, 3, 21, 17),
(19, '2018-10-07', '2018-10-09', '2018-10-07', '2018-10-07', 5, 1, NULL),
(20, '2018-10-10', '2018-10-11', '2018-10-12', '2018-10-15', 5, 2, 19),
(21, '2018-10-12', '2018-10-13', '2018-10-15', '2018-10-17', 5, 3, 20),
(22, '2018-10-14', '2018-10-16', '2018-10-17', '2018-10-19', 5, 4, 21),
(23, '2018-10-17', '2018-10-20', '2018-10-19', '2018-10-23', 5, 5, 22),
(24, '2018-10-21', '2018-10-25', '2018-10-23', '2018-10-27', 5, 6, 23),
(25, '2018-10-26', '2018-10-29', '2018-10-27', '2018-10-31', 5, 7, 24),
(26, '2018-10-26', '2018-10-30', '2018-10-27', '2018-10-31', 5, 8, 24),
(27, '2018-10-31', '2018-11-03', '2018-10-31', '2018-11-03', 5, 9, 26),
(28, '2018-11-04', '2018-11-07', '2018-11-03', '2018-11-08', 5, 11, 27),
(29, '2018-11-08', '2018-11-13', '2018-11-09', '2018-11-14', 5, 12, 28),
(30, '2018-11-14', '2018-11-15', '2018-11-14', '2018-11-15', 5, 13, 29),
(31, '2018-11-16', '2018-11-17', '2018-11-17', '2018-11-17', 5, 14, 30),
(32, '2018-11-18', '2018-11-20', '2018-11-17', '2018-11-20', 5, 15, 31),
(33, '2018-11-21', '2018-11-23', '2018-11-20', '2018-11-22', 5, 17, 32),
(34, '2018-11-24', '2018-11-27', '2018-11-22', '2018-11-25', 5, 18, 33),
(35, '2018-11-28', '2018-12-01', '2018-11-25', '2018-11-28', 5, 19, 34),
(36, '2018-12-02', '2018-12-10', '2018-11-29', '2018-12-08', 5, 21, 35),
(37, '2018-10-23', '2018-10-26', '2018-10-23', '2018-10-23', 17, 1, NULL),
(38, '2018-10-27', '2018-10-29', '2018-10-23', '2018-10-23', 17, 2, 37),
(39, '2018-10-30', '2018-11-02', '2018-10-23', '2018-10-23', 17, 3, 38),
(40, '2018-11-03', '2018-11-06', '2018-10-23', '2018-10-23', 17, 4, 39),
(41, '2018-11-07', '2018-11-13', '2018-10-23', '2018-10-23', 17, 5, 40),
(42, '2018-11-14', '2018-11-23', '2018-10-23', '2018-10-23', 17, 6, 41),
(43, '2018-11-24', '2018-12-01', '2018-10-24', '2018-10-24', 17, 7, 42),
(44, '2018-12-02', '2018-12-06', '2018-10-24', '2018-10-24', 17, 8, 43),
(45, '2018-12-07', '2018-12-13', '2018-10-24', '2018-10-24', 17, 9, 44),
(46, '2018-12-14', '2018-12-20', '2018-10-24', '2018-10-24', 17, 11, 45),
(47, '2018-12-21', '2019-01-01', '2018-10-24', '2018-10-24', 17, 12, 46),
(48, '2019-01-02', '2019-01-05', '2018-10-24', '2018-10-24', 17, 13, 47),
(49, '2019-01-06', '2019-01-09', '2018-10-24', '2018-10-24', 17, 14, 48),
(50, '2019-01-10', '2019-01-13', '2018-10-24', '2018-10-24', 17, 15, 49),
(51, '2019-01-14', '2019-01-17', '2018-10-24', '2018-10-24', 17, 17, 50),
(52, '2019-01-18', '2019-01-20', '2018-10-24', '2018-10-24', 17, 18, 51),
(53, '2019-01-21', '2019-01-24', '2018-10-24', '2018-10-24', 17, 19, 52),
(54, '2019-01-25', '2019-01-31', '2018-10-24', '2018-10-24', 17, 21, 53),
(55, '2018-10-25', '2018-11-01', '2018-10-25', NULL, 13, 1, NULL),
(56, '2018-10-25', '2018-11-01', '2018-10-25', NULL, 13, 2, NULL),
(57, '2018-10-25', '2018-11-01', '2018-10-25', NULL, 13, 3, NULL),
(58, '2018-10-25', '2018-11-01', '2018-10-25', NULL, 13, 4, NULL),
(59, '2018-10-25', '2018-11-09', '2018-10-25', NULL, 13, 5, NULL),
(60, '2018-10-25', '2018-11-13', '2018-10-25', NULL, 13, 6, NULL),
(61, '2018-10-25', '2018-11-09', '2018-10-25', NULL, 13, 7, NULL),
(62, '2018-10-25', '2018-11-09', '2018-10-25', NULL, 13, 8, NULL),
(63, '2018-10-25', '2018-11-09', '2018-10-25', NULL, 13, 9, NULL),
(64, '2018-10-25', '2018-11-09', '2018-10-25', NULL, 13, 11, NULL),
(65, '2018-10-25', '2018-11-17', '2018-10-25', NULL, 13, 12, NULL),
(66, '2018-10-25', '2018-11-01', '2018-10-25', NULL, 13, 13, NULL),
(67, '2018-10-25', '2018-11-01', '2018-10-25', NULL, 13, 14, NULL),
(68, '2018-10-25', '2018-11-01', '2018-10-25', NULL, 13, 15, NULL),
(69, '2018-10-25', '2018-11-01', '2018-10-25', NULL, 13, 17, NULL),
(70, '2018-10-25', '2018-11-01', '2018-10-25', NULL, 13, 18, NULL),
(71, '2018-10-25', '2018-11-01', '2018-10-25', NULL, 13, 19, NULL),
(72, '2018-10-25', '2018-11-13', '2018-10-25', NULL, 13, 21, NULL),
(73, '2018-10-27', '2018-11-03', '2018-10-27', NULL, 18, 1, NULL),
(74, '2018-11-04', '2018-11-11', NULL, NULL, 18, 2, 73),
(75, '2018-11-12', '2018-11-19', NULL, NULL, 18, 3, 74),
(76, '2018-11-20', '2018-11-27', NULL, NULL, 18, 4, 75),
(77, '2018-11-28', '2018-12-13', NULL, NULL, 18, 5, 76),
(78, '2018-12-14', '2019-01-02', NULL, NULL, 18, 6, 77),
(79, '2019-01-03', '2019-01-18', NULL, NULL, 18, 7, 78),
(80, '2019-01-19', '2019-02-03', NULL, NULL, 18, 8, 79),
(81, '2019-02-04', '2019-02-19', NULL, NULL, 18, 9, 80),
(82, '2019-02-20', '2019-03-07', NULL, NULL, 18, 11, 81),
(83, '2019-03-08', '2019-03-31', NULL, NULL, 18, 12, 82),
(84, '2019-04-01', '2019-04-08', NULL, NULL, 18, 13, 83),
(85, '2019-04-09', '2019-04-16', NULL, NULL, 18, 14, 84),
(86, '2019-04-17', '2019-04-24', NULL, NULL, 18, 15, 85),
(87, '2019-04-25', '2019-05-02', NULL, NULL, 18, 17, 86),
(88, '2019-05-03', '2019-05-10', NULL, NULL, 18, 18, 87),
(89, '2019-05-11', '2019-05-18', NULL, NULL, 18, 19, 88),
(90, '2019-05-19', '2019-06-07', NULL, NULL, 18, 21, 89),
(91, '2018-10-01', '2018-10-11', '2018-10-05', '2018-10-20', 19, 1, NULL),
(92, '2018-10-12', '2018-11-12', NULL, NULL, 19, 2, 91),
(93, '2018-11-13', '2018-11-20', NULL, NULL, 19, 3, 92),
(94, '2018-11-21', '2018-11-28', NULL, NULL, 19, 4, 93),
(95, '2018-11-29', '2018-12-14', NULL, NULL, 19, 5, 94),
(96, '2018-12-15', '2019-01-03', NULL, NULL, 19, 6, 95),
(97, '2019-01-04', '2019-01-19', NULL, NULL, 19, 7, 96),
(98, '2019-01-20', '2019-02-04', NULL, NULL, 19, 8, 97),
(99, '2019-02-05', '2019-02-20', NULL, NULL, 19, 9, 98),
(100, '2019-02-21', '2019-03-08', NULL, NULL, 19, 11, 99),
(101, '2019-03-09', '2019-04-01', NULL, NULL, 19, 12, 100),
(102, '2019-04-02', '2019-04-09', NULL, NULL, 19, 13, 101),
(103, '2019-04-10', '2019-04-17', NULL, NULL, 19, 14, 102),
(104, '2019-04-18', '2019-04-25', NULL, NULL, 19, 15, 103),
(105, '2019-04-26', '2019-05-03', NULL, NULL, 19, 17, 104),
(106, '2019-05-04', '2019-05-11', NULL, NULL, 19, 18, 105),
(107, '2019-05-12', '2019-05-19', NULL, NULL, 19, 19, 106),
(108, '2019-05-20', '2019-06-08', NULL, NULL, 19, 21, 107),
(109, '2018-10-29', '2018-11-05', '2018-10-29', NULL, 20, 1, NULL),
(110, '2018-11-06', '2018-11-13', NULL, NULL, 20, 2, 109),
(111, '2018-11-14', '2018-11-21', NULL, NULL, 20, 3, 110),
(112, '2018-11-22', '2018-11-29', NULL, NULL, 20, 4, 111),
(113, '2018-11-30', '2018-12-15', NULL, NULL, 20, 5, 112),
(114, '2018-12-16', '2019-01-04', NULL, NULL, 20, 6, 113),
(115, '2019-01-05', '2019-01-20', NULL, NULL, 20, 7, 114),
(116, '2019-01-21', '2019-02-05', NULL, NULL, 20, 8, 115),
(117, '2019-02-06', '2019-02-21', NULL, NULL, 20, 9, 116),
(118, '2019-02-22', '2019-03-09', NULL, NULL, 20, 11, 117),
(119, '2019-03-10', '2019-04-02', NULL, NULL, 20, 12, 118),
(120, '2019-04-03', '2019-04-10', NULL, NULL, 20, 13, 119),
(121, '2019-04-11', '2019-04-18', NULL, NULL, 20, 14, 120),
(122, '2019-04-19', '2019-04-26', NULL, NULL, 20, 15, 121),
(123, '2019-04-27', '2019-05-04', NULL, NULL, 20, 17, 122),
(124, '2019-05-05', '2019-05-12', NULL, NULL, 20, 18, 123),
(125, '2019-05-13', '2019-05-20', NULL, NULL, 20, 19, 124),
(126, '2019-05-21', '2019-06-09', NULL, NULL, 20, 21, 125),
(127, '2018-10-26', '2018-11-02', '2018-10-26', '2018-10-23', 26, 1, NULL),
(128, '2018-11-03', '2018-11-10', '2018-10-23', '2018-10-23', 26, 2, 127),
(129, '2018-11-11', '2018-11-18', NULL, NULL, 26, 3, 128),
(130, '2018-11-19', '2018-11-26', NULL, NULL, 26, 4, 129),
(131, '2018-11-27', '2018-12-12', NULL, NULL, 26, 5, 130),
(132, '2018-12-13', '2019-01-01', NULL, NULL, 26, 6, 131),
(133, '2019-01-02', '2019-01-17', NULL, NULL, 26, 7, 132),
(134, '2019-01-18', '2019-02-02', NULL, NULL, 26, 8, 133),
(135, '2019-02-03', '2019-02-18', NULL, NULL, 26, 9, 134),
(136, '2019-02-19', '2019-03-06', NULL, NULL, 26, 11, 135),
(137, '2019-03-07', '2019-03-30', NULL, NULL, 26, 12, 136),
(138, '2019-03-31', '2019-04-07', NULL, NULL, 26, 13, 137),
(139, '2019-04-08', '2019-04-15', NULL, NULL, 26, 14, 138),
(140, '2019-04-16', '2019-04-23', NULL, NULL, 26, 15, 139),
(141, '2019-04-24', '2019-05-01', NULL, NULL, 26, 17, 140),
(142, '2019-05-02', '2019-05-09', NULL, NULL, 26, 18, 141),
(143, '2019-05-10', '2019-05-17', NULL, NULL, 26, 19, 142),
(144, '2019-05-18', '2019-06-06', NULL, NULL, 26, 21, 143),
(145, '2019-02-15', '2019-02-22', '2019-02-15', '2019-02-22', 29, 1, NULL),
(146, '2019-02-23', '2019-03-02', '2019-02-24', '2019-03-05', 29, 2, 145),
(147, '2019-03-03', '2019-03-10', '2019-03-05', NULL, 29, 3, 146),
(148, '2019-03-11', '2019-03-18', NULL, NULL, 29, 4, 147),
(149, '2019-03-19', '2019-04-03', NULL, NULL, 29, 5, 148),
(150, '2019-04-04', '2019-04-23', NULL, NULL, 29, 6, 149),
(151, '2019-04-24', '2019-05-09', NULL, NULL, 29, 7, 150),
(152, '2019-05-10', '2019-05-25', NULL, NULL, 29, 8, 151),
(153, '2019-05-26', '2019-06-10', NULL, NULL, 29, 9, 152),
(154, '2019-06-11', '2019-06-26', NULL, NULL, 29, 11, 153),
(155, '2019-06-27', '2019-07-20', NULL, NULL, 29, 12, 154),
(156, '2019-07-21', '2019-07-28', NULL, NULL, 29, 13, 155),
(157, '2019-07-29', '2019-08-05', NULL, NULL, 29, 14, 156),
(158, '2019-08-06', '2019-08-13', NULL, NULL, 29, 15, 157),
(159, '2019-08-14', '2019-08-21', NULL, NULL, 29, 17, 158),
(160, '2019-08-22', '2019-08-29', NULL, NULL, 29, 18, 159),
(161, '2019-08-30', '2019-09-06', NULL, NULL, 29, 19, 160),
(162, '2019-09-07', '2019-09-26', NULL, NULL, 29, 21, 161);

-- --------------------------------------------------------

--
-- Table structure for table `tblschedulesphases`
--

CREATE TABLE `tblschedulesphases` (
  `intSchedulePhasesId` int(11) NOT NULL,
  `dtmEstimatedStart` date NOT NULL,
  `dtmEstimatedEnd` date NOT NULL,
  `dtmActualStart` date DEFAULT NULL,
  `dtmActualEnd` date DEFAULT NULL,
  `intProgress` int(11) NOT NULL,
  `intScheduleId` int(11) NOT NULL,
  `intWorkSubCategoryPhasesId` int(11) NOT NULL
) ENGINE=InnoDB DEFAULT CHARSET=latin1;

--
-- Dumping data for table `tblschedulesphases`
--

INSERT INTO `tblschedulesphases` (`intSchedulePhasesId`, `dtmEstimatedStart`, `dtmEstimatedEnd`, `dtmActualStart`, `dtmActualEnd`, `intProgress`, `intScheduleId`, `intWorkSubCategoryPhasesId`) VALUES
(1, '2018-10-08', '2018-10-09', '2018-10-07', '2018-10-07', 100, 1, 1),
(2, '2018-10-10', '2018-10-11', '2018-10-11', '2018-10-11', 100, 1, 2),
(3, '2018-10-12', '2018-10-13', '2018-10-13', '2018-10-13', 100, 2, 3),
(4, '2018-10-14', '2018-10-15', '2018-10-17', '2018-10-17', 100, 2, 4),
(5, '2018-10-16', '2018-10-17', '2018-10-18', '2018-10-24', 100, 3, 5),
(6, '2018-10-18', '2018-10-19', '2018-10-24', '2018-10-24', 100, 3, 6),
(7, '2018-10-20', '2018-10-21', NULL, NULL, 0, 4, 7),
(8, '2018-10-22', '2018-10-23', NULL, NULL, 0, 4, 8),
(9, '2018-10-24', '2018-10-25', NULL, NULL, 0, 5, 9),
(10, '2018-10-26', '2018-10-27', NULL, NULL, 0, 5, 11),
(11, '2018-10-28', '2018-10-29', NULL, NULL, 0, 5, 12),
(12, '2018-10-30', '2018-10-31', NULL, NULL, 0, 5, 13),
(13, '2018-11-01', '2018-11-02', NULL, NULL, 0, 6, 14),
(14, '2018-11-03', '2018-11-03', NULL, NULL, 0, 6, 15),
(15, '2018-11-04', '2018-11-05', NULL, NULL, 0, 6, 16),
(16, '2018-11-06', '2018-11-07', NULL, NULL, 0, 6, 17),
(17, '2018-11-08', '2018-11-09', NULL, NULL, 0, 6, 18),
(18, '2018-11-10', '2018-11-11', NULL, NULL, 0, 7, 19),
(19, '2018-11-12', '2018-11-12', NULL, NULL, 0, 7, 20),
(20, '2018-11-13', '2018-11-14', NULL, NULL, 0, 7, 21),
(21, '2018-11-15', '2018-11-16', NULL, NULL, 0, 7, 22),
(22, '2018-11-17', '2018-11-18', NULL, NULL, 0, 8, 23),
(23, '2018-11-19', '2018-11-20', NULL, NULL, 0, 8, 24),
(24, '2018-11-21', '2018-11-22', NULL, NULL, 0, 8, 25),
(25, '2018-11-23', '2018-11-24', NULL, NULL, 0, 8, 26),
(26, '2018-11-25', '2018-11-26', NULL, NULL, 0, 9, 27),
(27, '2018-11-27', '2018-11-27', NULL, NULL, 0, 9, 28),
(28, '2018-11-28', '2018-11-29', NULL, NULL, 0, 9, 29),
(29, '2018-11-30', '2018-11-30', NULL, NULL, 0, 9, 30),
(30, '2018-12-01', '2018-12-02', NULL, NULL, 0, 10, 33),
(31, '2018-12-03', '2018-12-04', NULL, NULL, 0, 10, 34),
(32, '2018-12-05', '2018-12-06', NULL, NULL, 0, 10, 35),
(33, '2018-12-07', '2018-12-08', NULL, NULL, 0, 10, 36),
(34, '2018-12-09', '2018-12-10', NULL, NULL, 0, 11, 37),
(35, '2018-12-11', '2018-12-12', NULL, NULL, 0, 11, 38),
(36, '2018-12-13', '2018-12-14', NULL, NULL, 0, 11, 39),
(37, '2018-12-15', '2018-12-16', NULL, NULL, 0, 11, 40),
(38, '2018-12-17', '2018-12-18', NULL, NULL, 0, 11, 41),
(39, '2018-12-19', '2018-12-20', NULL, NULL, 0, 11, 42),
(40, '2018-12-21', '2018-12-21', NULL, NULL, 0, 12, 43),
(41, '2018-12-22', '2018-12-23', NULL, NULL, 0, 12, 44),
(42, '2018-12-24', '2018-12-25', NULL, NULL, 0, 13, 45),
(43, '2018-12-26', '2018-12-27', NULL, NULL, 0, 13, 46),
(44, '2018-12-28', '2018-12-29', NULL, NULL, 0, 14, 47),
(45, '2018-12-30', '2018-12-30', NULL, NULL, 0, 14, 48),
(46, '2018-12-31', '2018-12-31', NULL, NULL, 0, 15, 55),
(47, '2019-01-01', '2019-01-01', NULL, NULL, 0, 15, 56),
(48, '2019-01-02', '2019-01-03', NULL, NULL, 0, 16, 57),
(49, '2019-01-04', '2019-01-05', NULL, NULL, 0, 16, 58),
(50, '2019-01-06', '2019-01-07', NULL, NULL, 0, 17, 59),
(51, '2019-01-08', '2019-01-08', NULL, NULL, 0, 17, 60),
(52, '2019-01-09', '2019-01-10', NULL, NULL, 0, 18, 63),
(53, '2019-01-11', '2019-01-12', NULL, NULL, 0, 18, 64),
(54, '2019-01-13', '2019-01-14', NULL, NULL, 0, 18, 65),
(55, '2019-01-15', '2019-01-15', NULL, NULL, 0, 18, 66),
(56, '2019-01-16', '2019-01-17', NULL, NULL, 0, 18, 67),
(57, '2018-10-07', '2018-10-08', '2018-10-07', '2018-10-07', 100, 19, 1),
(58, '2018-10-09', '2018-10-09', '2018-10-07', '2018-10-07', 100, 19, 2),
(59, '2018-10-10', '2018-10-10', '2018-10-12', '2018-10-12', 100, 20, 3),
(60, '2018-10-11', '2018-10-11', '2018-10-15', '2018-10-15', 100, 20, 4),
(61, '2018-10-12', '2018-10-12', '2018-10-15', '2018-10-15', 100, 21, 5),
(62, '2018-10-13', '2018-10-13', '2018-10-17', '2018-10-17', 100, 21, 6),
(63, '2018-10-14', '2018-10-15', '2018-10-17', '2018-10-17', 100, 22, 7),
(64, '2018-10-16', '2018-10-16', '2018-10-19', '2018-10-19', 100, 22, 8),
(65, '2018-10-17', '2018-10-17', '2018-10-19', '2018-10-19', 100, 23, 9),
(66, '2018-10-18', '2018-10-18', '2018-10-23', '2018-10-23', 100, 23, 11),
(67, '2018-10-19', '2018-10-19', '2018-10-23', '2018-10-23', 100, 23, 12),
(68, '2018-10-20', '2018-10-20', '2018-10-23', '2018-10-23', 100, 23, 13),
(69, '2018-10-21', '2018-10-21', '2018-10-23', '2018-10-23', 100, 24, 14),
(70, '2018-10-22', '2018-10-22', '2018-10-23', '2018-10-23', 100, 24, 15),
(71, '2018-10-23', '2018-10-23', '2018-10-27', '2018-10-27', 100, 24, 16),
(72, '2018-10-24', '2018-10-24', '2018-10-27', '2018-10-27', 100, 24, 17),
(73, '2018-10-25', '2018-10-25', '2018-10-27', '2018-10-27', 100, 24, 18),
(74, '2018-10-26', '2018-10-26', '2018-10-27', '2018-10-27', 100, 25, 19),
(75, '2018-10-27', '2018-10-27', '2018-10-27', '2018-10-27', 100, 25, 20),
(76, '2018-10-28', '2018-10-28', '2018-10-27', '2018-10-27', 100, 25, 21),
(77, '2018-10-29', '2018-10-29', '2018-10-31', '2018-10-31', 100, 25, 22),
(78, '2018-10-26', '2018-10-27', '2018-10-27', '2018-10-27', 100, 26, 23),
(79, '2018-10-28', '2018-10-28', '2018-10-27', '2018-10-27', 100, 26, 24),
(80, '2018-10-29', '2018-10-29', '2018-10-27', '2018-10-27', 100, 26, 25),
(81, '2018-10-30', '2018-10-30', '2018-10-31', '2018-10-31', 100, 26, 26),
(82, '2018-10-31', '2018-10-31', '2018-10-31', '2018-10-31', 100, 27, 27),
(83, '2018-11-01', '2018-11-01', '2018-10-31', '2018-10-31', 100, 27, 28),
(84, '2018-11-02', '2018-11-02', '2018-11-03', '2018-11-03', 100, 27, 29),
(85, '2018-11-03', '2018-11-03', '2018-11-03', '2018-11-03', 100, 27, 30),
(86, '2018-11-04', '2018-11-04', '2018-11-03', '2018-11-03', 100, 28, 33),
(87, '2018-11-05', '2018-11-05', '2018-11-03', '2018-11-03', 100, 28, 34),
(88, '2018-11-06', '2018-11-06', '2018-11-03', '2018-11-03', 100, 28, 35),
(89, '2018-11-07', '2018-11-07', '2018-11-08', '2018-11-08', 100, 28, 36),
(90, '2018-11-08', '2018-11-08', '2018-11-09', '2018-11-09', 100, 29, 37),
(91, '2018-11-09', '2018-11-09', '2018-11-09', '2018-11-09', 100, 29, 38),
(92, '2018-11-10', '2018-11-10', '2018-11-09', '2018-11-09', 100, 29, 39),
(93, '2018-11-11', '2018-11-11', '2018-11-09', '2018-11-09', 100, 29, 40),
(94, '2018-11-12', '2018-11-12', '2018-11-14', '2018-11-14', 100, 29, 41),
(95, '2018-11-13', '2018-11-13', '2018-11-14', '2018-11-14', 100, 29, 42),
(96, '2018-11-14', '2018-11-14', '2018-11-14', '2018-11-14', 100, 30, 43),
(97, '2018-11-15', '2018-11-15', '2018-11-15', '2018-11-15', 100, 30, 44),
(98, '2018-11-16', '2018-11-16', '2018-11-17', '2018-11-17', 100, 31, 45),
(99, '2018-11-17', '2018-11-17', '2018-11-17', '2018-11-17', 100, 31, 46),
(100, '2018-11-18', '2018-11-19', '2018-11-17', '2018-11-17', 100, 32, 47),
(101, '2018-11-20', '2018-11-20', '2018-11-20', '2018-11-20', 100, 32, 48),
(102, '2018-11-21', '2018-11-22', '2018-11-20', '2018-11-20', 100, 33, 55),
(103, '2018-11-23', '2018-11-23', '2018-11-22', '2018-11-22', 100, 33, 56),
(104, '2018-11-24', '2018-11-25', '2018-11-22', '2018-11-22', 100, 34, 57),
(105, '2018-11-26', '2018-11-27', '2018-11-25', '2018-11-25', 100, 34, 58),
(106, '2018-11-28', '2018-11-29', '2018-11-25', '2018-11-25', 100, 35, 59),
(107, '2018-11-30', '2018-12-01', '2018-11-28', '2018-11-28', 100, 35, 60),
(108, '2018-12-02', '2018-12-03', '2018-11-29', '2018-11-29', 100, 36, 63),
(109, '2018-12-04', '2018-12-05', '2018-11-29', '2018-11-29', 100, 36, 64),
(110, '2018-12-06', '2018-12-06', '2018-11-29', '2018-11-29', 100, 36, 65),
(111, '2018-12-07', '2018-12-08', '2018-12-08', '2018-12-08', 100, 36, 66),
(112, '2018-12-09', '2018-12-10', '2018-12-08', '2018-12-08', 100, 36, 67),
(113, '2018-10-23', '2018-10-24', '2018-10-23', '2018-10-23', 100, 37, 1),
(114, '2018-10-25', '2018-10-26', '2018-10-23', '2018-10-23', 100, 37, 2),
(115, '2018-10-27', '2018-10-28', '2018-10-23', '2018-10-23', 100, 38, 3),
(116, '2018-10-29', '2018-10-29', '2018-10-23', '2018-10-23', 100, 38, 4),
(117, '2018-10-30', '2018-10-31', '2018-10-23', '2018-10-23', 100, 39, 5),
(118, '2018-11-01', '2018-11-02', '2018-10-23', '2018-10-23', 100, 39, 6),
(119, '2018-11-03', '2018-11-04', '2018-10-23', '2018-10-23', 100, 40, 7),
(120, '2018-11-05', '2018-11-06', '2018-10-23', '2018-10-23', 100, 40, 8),
(121, '2018-11-07', '2018-11-08', '2018-10-23', '2018-10-23', 100, 41, 9),
(122, '2018-11-09', '2018-11-09', '2018-10-23', '2018-10-23', 100, 41, 11),
(123, '2018-11-10', '2018-11-11', '2018-10-23', '2018-10-23', 100, 41, 12),
(124, '2018-11-12', '2018-11-13', '2018-10-23', '2018-10-23', 100, 41, 13),
(125, '2018-11-14', '2018-11-15', '2018-10-23', '2018-10-23', 100, 42, 14),
(126, '2018-11-16', '2018-11-17', '2018-10-23', '2018-10-23', 100, 42, 15),
(127, '2018-11-18', '2018-11-19', '2018-10-23', '2018-10-23', 100, 42, 16),
(128, '2018-11-20', '2018-11-21', '2018-10-23', '2018-10-23', 100, 42, 17),
(129, '2018-11-22', '2018-11-23', '2018-10-23', '2018-10-23', 100, 42, 18),
(130, '2018-11-24', '2018-11-25', '2018-10-24', '2018-10-24', 100, 43, 19),
(131, '2018-11-26', '2018-11-27', '2018-10-24', '2018-10-24', 100, 43, 20),
(132, '2018-11-28', '2018-11-29', '2018-10-24', '2018-10-24', 100, 43, 21),
(133, '2018-11-30', '2018-12-01', '2018-10-24', '2018-10-24', 100, 43, 22),
(134, '2018-12-02', '2018-12-03', '2018-10-24', '2018-10-24', 100, 44, 23),
(135, '2018-12-04', '2018-12-04', '2018-10-24', '2018-10-24', 100, 44, 24),
(136, '2018-12-05', '2018-12-05', '2018-10-24', '2018-10-24', 100, 44, 25),
(137, '2018-12-06', '2018-12-06', '2018-10-24', '2018-10-24', 100, 44, 26),
(138, '2018-12-07', '2018-12-08', '2018-10-24', '2018-10-24', 100, 45, 27),
(139, '2018-12-09', '2018-12-09', '2018-10-24', '2018-10-24', 100, 45, 28),
(140, '2018-12-10', '2018-12-11', '2018-10-24', '2018-10-24', 100, 45, 29),
(141, '2018-12-12', '2018-12-13', '2018-10-24', '2018-10-24', 100, 45, 30),
(142, '2018-12-14', '2018-12-15', '2018-10-24', '2018-10-24', 100, 46, 33),
(143, '2018-12-16', '2018-12-16', '2018-10-24', '2018-10-24', 100, 46, 34),
(144, '2018-12-17', '2018-12-18', '2018-10-24', '2018-10-24', 100, 46, 35),
(145, '2018-12-19', '2018-12-20', '2018-10-24', '2018-10-24', 100, 46, 36),
(146, '2018-12-21', '2018-12-22', '2018-10-24', '2018-10-24', 100, 47, 37),
(147, '2018-12-23', '2018-12-24', '2018-10-24', '2018-10-24', 100, 47, 38),
(148, '2018-12-25', '2018-12-26', '2018-10-24', '2018-10-24', 100, 47, 39),
(149, '2018-12-27', '2018-12-28', '2018-10-24', '2018-10-24', 100, 47, 40),
(150, '2018-12-29', '2018-12-30', '2018-10-24', '2018-10-24', 100, 47, 41),
(151, '2018-12-31', '2019-01-01', '2018-10-24', '2018-10-24', 100, 47, 42),
(152, '2019-01-02', '2019-01-03', '2018-10-24', '2018-10-24', 100, 48, 43),
(153, '2019-01-04', '2019-01-05', '2018-10-24', '2018-10-24', 100, 48, 44),
(154, '2019-01-06', '2019-01-07', '2018-10-24', '2018-10-24', 100, 49, 45),
(155, '2019-01-08', '2019-01-09', '2018-10-24', '2018-10-24', 100, 49, 46),
(156, '2019-01-10', '2019-01-11', '2018-10-24', '2018-10-24', 100, 50, 47),
(157, '2019-01-12', '2019-01-13', '2018-10-24', '2018-10-24', 100, 50, 48),
(158, '2019-01-14', '2019-01-15', '2018-10-24', '2018-10-24', 100, 51, 55),
(159, '2019-01-16', '2019-01-17', '2018-10-24', '2018-10-24', 100, 51, 56),
(160, '2019-01-18', '2019-01-19', '2018-10-24', '2018-10-24', 100, 52, 57),
(161, '2019-01-20', '2019-01-20', '2018-10-24', '2018-10-24', 100, 52, 58),
(162, '2019-01-21', '2019-01-22', '2018-10-24', '2018-10-24', 100, 53, 59),
(163, '2019-01-23', '2019-01-24', '2018-10-24', '2018-10-24', 100, 53, 60),
(164, '2019-01-25', '2019-01-26', '2018-10-24', '2018-10-24', 100, 54, 63),
(165, '2019-01-27', '2019-01-27', '2018-10-24', '2018-10-24', 100, 54, 64),
(166, '2019-01-28', '2019-01-28', '2018-10-24', '2018-10-24', 100, 54, 65),
(167, '2019-01-29', '2019-01-29', '2018-10-24', '2018-10-24', 100, 54, 66),
(168, '2019-01-30', '2019-01-31', '2018-10-24', '2018-10-24', 100, 54, 67),
(169, '2018-10-25', '2018-10-29', '2018-10-25', NULL, 60, 55, 1),
(170, '2018-10-30', '2018-11-01', NULL, NULL, 0, 55, 2),
(171, '2018-10-25', '2018-10-28', NULL, NULL, 0, 56, 3),
(172, '2018-10-29', '2018-11-01', NULL, NULL, 0, 56, 4),
(173, '2018-10-25', '2018-10-28', NULL, NULL, 0, 57, 5),
(174, '2018-10-29', '2018-11-01', NULL, NULL, 0, 57, 6),
(175, '2018-10-25', '2018-10-28', NULL, NULL, 0, 58, 7),
(176, '2018-10-29', '2018-11-01', NULL, NULL, 0, 58, 8),
(177, '2018-10-25', '2018-10-28', NULL, NULL, 0, 59, 9),
(178, '2018-10-29', '2018-11-01', NULL, NULL, 0, 59, 11),
(179, '2018-11-02', '2018-11-05', NULL, NULL, 0, 59, 12),
(180, '2018-11-06', '2018-11-09', NULL, NULL, 0, 59, 13),
(181, '2018-10-25', '2018-10-28', NULL, NULL, 0, 60, 14),
(182, '2018-10-29', '2018-11-01', NULL, NULL, 0, 60, 15),
(183, '2018-11-02', '2018-11-05', NULL, NULL, 0, 60, 16),
(184, '2018-11-06', '2018-11-09', NULL, NULL, 0, 60, 17),
(185, '2018-11-10', '2018-11-13', NULL, NULL, 0, 60, 18),
(186, '2018-10-25', '2018-10-28', NULL, NULL, 0, 61, 19),
(187, '2018-10-29', '2018-11-01', NULL, NULL, 0, 61, 20),
(188, '2018-11-02', '2018-11-05', NULL, NULL, 0, 61, 21),
(189, '2018-11-06', '2018-11-09', NULL, NULL, 0, 61, 22),
(190, '2018-10-25', '2018-10-28', NULL, NULL, 0, 62, 23),
(191, '2018-10-29', '2018-11-01', NULL, NULL, 0, 62, 24),
(192, '2018-11-02', '2018-11-05', NULL, NULL, 0, 62, 25),
(193, '2018-11-06', '2018-11-09', NULL, NULL, 0, 62, 26),
(194, '2018-10-25', '2018-10-28', NULL, NULL, 0, 63, 27),
(195, '2018-10-29', '2018-11-01', NULL, NULL, 0, 63, 28),
(196, '2018-11-02', '2018-11-05', NULL, NULL, 0, 63, 29),
(197, '2018-11-06', '2018-11-09', NULL, NULL, 0, 63, 30),
(198, '2018-10-25', '2018-10-28', NULL, NULL, 0, 64, 33),
(199, '2018-10-29', '2018-11-01', NULL, NULL, 0, 64, 34),
(200, '2018-11-02', '2018-11-05', NULL, NULL, 0, 64, 35),
(201, '2018-11-06', '2018-11-09', NULL, NULL, 0, 64, 36),
(202, '2018-10-25', '2018-10-28', NULL, NULL, 0, 65, 37),
(203, '2018-10-29', '2018-11-01', NULL, NULL, 0, 65, 38),
(204, '2018-11-02', '2018-11-05', NULL, NULL, 0, 65, 39),
(205, '2018-11-06', '2018-11-09', NULL, NULL, 0, 65, 40),
(206, '2018-11-10', '2018-11-13', NULL, NULL, 0, 65, 41),
(207, '2018-11-14', '2018-11-17', NULL, NULL, 0, 65, 42),
(208, '2018-10-25', '2018-10-28', NULL, NULL, 0, 66, 43),
(209, '2018-10-29', '2018-11-01', NULL, NULL, 0, 66, 44),
(210, '2018-10-25', '2018-10-28', NULL, NULL, 0, 67, 45),
(211, '2018-10-29', '2018-11-01', NULL, NULL, 0, 67, 46),
(212, '2018-10-25', '2018-10-28', NULL, NULL, 0, 68, 47),
(213, '2018-10-29', '2018-11-01', NULL, NULL, 0, 68, 48),
(214, '2018-10-25', '2018-10-28', NULL, NULL, 0, 69, 55),
(215, '2018-10-29', '2018-11-01', NULL, NULL, 0, 69, 56),
(216, '2018-10-25', '2018-10-28', NULL, NULL, 0, 70, 57),
(217, '2018-10-29', '2018-11-01', NULL, NULL, 0, 70, 58),
(218, '2018-10-25', '2018-10-28', NULL, NULL, 0, 71, 59),
(219, '2018-10-29', '2018-11-01', NULL, NULL, 0, 71, 60),
(220, '2018-10-25', '2018-10-28', NULL, NULL, 0, 72, 63),
(221, '2018-10-29', '2018-11-01', NULL, NULL, 0, 72, 64),
(222, '2018-11-02', '2018-11-05', NULL, NULL, 0, 72, 65),
(223, '2018-11-06', '2018-11-09', NULL, NULL, 0, 72, 66),
(224, '2018-11-10', '2018-11-13', NULL, NULL, 0, 72, 67),
(225, '2018-10-27', '2018-10-30', NULL, NULL, 0, 73, 1),
(226, '2018-10-31', '2018-11-03', NULL, NULL, 0, 73, 2),
(227, '2018-11-04', '2018-11-07', NULL, NULL, 0, 74, 3),
(228, '2018-11-08', '2018-11-11', NULL, NULL, 0, 74, 4),
(229, '2018-11-12', '2018-11-15', NULL, NULL, 0, 75, 5),
(230, '2018-11-16', '2018-11-19', NULL, NULL, 0, 75, 6),
(231, '2018-11-20', '2018-11-23', NULL, NULL, 0, 76, 7),
(232, '2018-11-24', '2018-11-27', NULL, NULL, 0, 76, 8),
(233, '2018-11-28', '2018-12-01', NULL, NULL, 0, 77, 9),
(234, '2018-12-02', '2018-12-05', NULL, NULL, 0, 77, 11),
(235, '2018-12-06', '2018-12-09', NULL, NULL, 0, 77, 12),
(236, '2018-12-10', '2018-12-13', NULL, NULL, 0, 77, 13),
(237, '2018-12-14', '2018-12-17', NULL, NULL, 0, 78, 14),
(238, '2018-12-18', '2018-12-21', NULL, NULL, 0, 78, 15),
(239, '2018-12-22', '2018-12-25', NULL, NULL, 0, 78, 16),
(240, '2018-12-26', '2018-12-29', NULL, NULL, 0, 78, 17),
(241, '2018-12-30', '2019-01-02', NULL, NULL, 0, 78, 18),
(242, '2019-01-03', '2019-01-06', NULL, NULL, 0, 79, 19),
(243, '2019-01-07', '2019-01-10', NULL, NULL, 0, 79, 20),
(244, '2019-01-11', '2019-01-14', NULL, NULL, 0, 79, 21),
(245, '2019-01-15', '2019-01-18', NULL, NULL, 0, 79, 22),
(246, '2019-01-19', '2019-01-22', NULL, NULL, 0, 80, 23),
(247, '2019-01-23', '2019-01-26', NULL, NULL, 0, 80, 24),
(248, '2019-01-27', '2019-01-30', NULL, NULL, 0, 80, 25),
(249, '2019-01-31', '2019-02-03', NULL, NULL, 0, 80, 26),
(250, '2019-02-04', '2019-02-07', NULL, NULL, 0, 81, 27),
(251, '2019-02-08', '2019-02-11', NULL, NULL, 0, 81, 28),
(252, '2019-02-12', '2019-02-15', NULL, NULL, 0, 81, 29),
(253, '2019-02-16', '2019-02-19', NULL, NULL, 0, 81, 30),
(254, '2019-02-20', '2019-02-23', NULL, NULL, 0, 82, 33),
(255, '2019-02-24', '2019-02-27', NULL, NULL, 0, 82, 34),
(256, '2019-02-28', '2019-03-03', NULL, NULL, 0, 82, 35),
(257, '2019-03-04', '2019-03-07', NULL, NULL, 0, 82, 36),
(258, '2019-03-08', '2019-03-11', NULL, NULL, 0, 83, 37),
(259, '2019-03-12', '2019-03-15', NULL, NULL, 0, 83, 38),
(260, '2019-03-16', '2019-03-19', NULL, NULL, 0, 83, 39),
(261, '2019-03-20', '2019-03-23', NULL, NULL, 0, 83, 40),
(262, '2019-03-24', '2019-03-27', NULL, NULL, 0, 83, 41),
(263, '2019-03-28', '2019-03-31', NULL, NULL, 0, 83, 42),
(264, '2019-04-01', '2019-04-04', NULL, NULL, 0, 84, 43),
(265, '2019-04-05', '2019-04-08', NULL, NULL, 0, 84, 44),
(266, '2019-04-09', '2019-04-12', NULL, NULL, 0, 85, 45),
(267, '2019-04-13', '2019-04-16', NULL, NULL, 0, 85, 46),
(268, '2019-04-17', '2019-04-20', NULL, NULL, 0, 86, 47),
(269, '2019-04-21', '2019-04-24', NULL, NULL, 0, 86, 48),
(270, '2019-04-25', '2019-04-28', NULL, NULL, 0, 87, 55),
(271, '2019-04-29', '2019-05-02', NULL, NULL, 0, 87, 56),
(272, '2019-05-03', '2019-05-06', NULL, NULL, 0, 88, 57),
(273, '2019-05-07', '2019-05-10', NULL, NULL, 0, 88, 58),
(274, '2019-05-11', '2019-05-14', NULL, NULL, 0, 89, 59),
(275, '2019-05-15', '2019-05-18', NULL, NULL, 0, 89, 60),
(276, '2019-05-19', '2019-05-22', NULL, NULL, 0, 90, 63),
(277, '2019-05-23', '2019-05-26', NULL, NULL, 0, 90, 64),
(278, '2019-05-27', '2019-05-30', NULL, NULL, 0, 90, 65),
(279, '2019-05-31', '2019-06-03', NULL, NULL, 0, 90, 66),
(280, '2019-06-04', '2019-06-07', NULL, NULL, 0, 90, 67),
(281, '2018-10-01', '2018-10-05', '2018-10-05', '2018-10-10', 100, 91, 1),
(282, '2018-10-06', '2018-10-11', '2018-10-11', '2018-10-20', 100, 91, 2),
(283, '2018-10-12', '2018-11-08', NULL, NULL, 0, 92, 3),
(284, '2018-11-09', '2018-11-12', NULL, NULL, 0, 92, 4),
(285, '2018-11-13', '2018-11-16', NULL, NULL, 0, 93, 5),
(286, '2018-11-17', '2018-11-20', NULL, NULL, 0, 93, 6),
(287, '2018-11-21', '2018-11-24', NULL, NULL, 0, 94, 7),
(288, '2018-11-25', '2018-11-28', NULL, NULL, 0, 94, 8),
(289, '2018-11-29', '2018-12-02', NULL, NULL, 0, 95, 9),
(290, '2018-12-03', '2018-12-06', NULL, NULL, 0, 95, 11),
(291, '2018-12-07', '2018-12-10', NULL, NULL, 0, 95, 12),
(292, '2018-12-11', '2018-12-14', NULL, NULL, 0, 95, 13),
(293, '2018-12-15', '2018-12-18', NULL, NULL, 0, 96, 14),
(294, '2018-12-19', '2018-12-22', NULL, NULL, 0, 96, 15),
(295, '2018-12-23', '2018-12-26', NULL, NULL, 0, 96, 16),
(296, '2018-12-27', '2018-12-30', NULL, NULL, 0, 96, 17),
(297, '2018-12-31', '2019-01-03', NULL, NULL, 0, 96, 18),
(298, '2019-01-04', '2019-01-07', NULL, NULL, 0, 97, 19),
(299, '2019-01-08', '2019-01-11', NULL, NULL, 0, 97, 20),
(300, '2019-01-12', '2019-01-15', NULL, NULL, 0, 97, 21),
(301, '2019-01-16', '2019-01-19', NULL, NULL, 0, 97, 22),
(302, '2019-01-20', '2019-01-23', NULL, NULL, 0, 98, 23),
(303, '2019-01-24', '2019-01-27', NULL, NULL, 0, 98, 24),
(304, '2019-01-28', '2019-01-31', NULL, NULL, 0, 98, 25),
(305, '2019-02-01', '2019-02-04', NULL, NULL, 0, 98, 26),
(306, '2019-02-05', '2019-02-08', NULL, NULL, 0, 99, 27),
(307, '2019-02-09', '2019-02-12', NULL, NULL, 0, 99, 28),
(308, '2019-02-13', '2019-02-16', NULL, NULL, 0, 99, 29),
(309, '2019-02-17', '2019-02-20', NULL, NULL, 0, 99, 30),
(310, '2019-02-21', '2019-02-24', NULL, NULL, 0, 100, 33),
(311, '2019-02-25', '2019-02-28', NULL, NULL, 0, 100, 34),
(312, '2019-03-01', '2019-03-04', NULL, NULL, 0, 100, 35),
(313, '2019-03-05', '2019-03-08', NULL, NULL, 0, 100, 36),
(314, '2019-03-09', '2019-03-12', NULL, NULL, 0, 101, 37),
(315, '2019-03-13', '2019-03-16', NULL, NULL, 0, 101, 38),
(316, '2019-03-17', '2019-03-20', NULL, NULL, 0, 101, 39),
(317, '2019-03-21', '2019-03-24', NULL, NULL, 0, 101, 40),
(318, '2019-03-25', '2019-03-28', NULL, NULL, 0, 101, 41),
(319, '2019-03-29', '2019-04-01', NULL, NULL, 0, 101, 42),
(320, '2019-04-02', '2019-04-05', NULL, NULL, 0, 102, 43),
(321, '2019-04-06', '2019-04-09', NULL, NULL, 0, 102, 44),
(322, '2019-04-10', '2019-04-13', NULL, NULL, 0, 103, 45),
(323, '2019-04-14', '2019-04-17', NULL, NULL, 0, 103, 46),
(324, '2019-04-18', '2019-04-21', NULL, NULL, 0, 104, 47),
(325, '2019-04-22', '2019-04-25', NULL, NULL, 0, 104, 48),
(326, '2019-04-26', '2019-04-29', NULL, NULL, 0, 105, 55),
(327, '2019-04-30', '2019-05-03', NULL, NULL, 0, 105, 56),
(328, '2019-05-04', '2019-05-07', NULL, NULL, 0, 106, 57),
(329, '2019-05-08', '2019-05-11', NULL, NULL, 0, 106, 58),
(330, '2019-05-12', '2019-05-15', NULL, NULL, 0, 107, 59),
(331, '2019-05-16', '2019-05-19', NULL, NULL, 0, 107, 60),
(332, '2019-05-20', '2019-05-23', NULL, NULL, 0, 108, 63),
(333, '2019-05-24', '2019-05-27', NULL, NULL, 0, 108, 64),
(334, '2019-05-28', '2019-05-31', NULL, NULL, 0, 108, 65),
(335, '2019-06-01', '2019-06-04', NULL, NULL, 0, 108, 66),
(336, '2019-06-05', '2019-06-08', NULL, NULL, 0, 108, 67),
(337, '2018-10-29', '2018-11-03', '2018-10-26', '2018-10-26', 100, 109, 1),
(338, '2018-11-04', '2018-11-05', NULL, NULL, 0, 109, 2),
(339, '2018-11-06', '2018-11-09', NULL, NULL, 0, 110, 3),
(340, '2018-11-10', '2018-11-13', NULL, NULL, 0, 110, 4),
(341, '2018-11-14', '2018-11-17', NULL, NULL, 0, 111, 5),
(342, '2018-11-18', '2018-11-21', NULL, NULL, 0, 111, 6),
(343, '2018-11-22', '2018-11-25', NULL, NULL, 0, 112, 7),
(344, '2018-11-26', '2018-11-29', NULL, NULL, 0, 112, 8),
(345, '2018-11-30', '2018-12-03', NULL, NULL, 0, 113, 9),
(346, '2018-12-04', '2018-12-07', NULL, NULL, 0, 113, 11),
(347, '2018-12-08', '2018-12-11', NULL, NULL, 0, 113, 12),
(348, '2018-12-12', '2018-12-15', NULL, NULL, 0, 113, 13),
(349, '2018-12-16', '2018-12-19', NULL, NULL, 0, 114, 14),
(350, '2018-12-20', '2018-12-23', NULL, NULL, 0, 114, 15),
(351, '2018-12-24', '2018-12-27', NULL, NULL, 0, 114, 16),
(352, '2018-12-28', '2018-12-31', NULL, NULL, 0, 114, 17),
(353, '2019-01-01', '2019-01-04', NULL, NULL, 0, 114, 18),
(354, '2019-01-05', '2019-01-08', NULL, NULL, 0, 115, 19),
(355, '2019-01-09', '2019-01-12', NULL, NULL, 0, 115, 20),
(356, '2019-01-13', '2019-01-16', NULL, NULL, 0, 115, 21),
(357, '2019-01-17', '2019-01-20', NULL, NULL, 0, 115, 22),
(358, '2019-01-21', '2019-01-24', NULL, NULL, 0, 116, 23),
(359, '2019-01-25', '2019-01-28', NULL, NULL, 0, 116, 24),
(360, '2019-01-29', '2019-02-01', NULL, NULL, 0, 116, 25),
(361, '2019-02-02', '2019-02-05', NULL, NULL, 0, 116, 26),
(362, '2019-02-06', '2019-02-09', NULL, NULL, 0, 117, 27),
(363, '2019-02-10', '2019-02-13', NULL, NULL, 0, 117, 28),
(364, '2019-02-14', '2019-02-17', NULL, NULL, 0, 117, 29),
(365, '2019-02-18', '2019-02-21', NULL, NULL, 0, 117, 30),
(366, '2019-02-22', '2019-02-25', NULL, NULL, 0, 118, 33),
(367, '2019-02-26', '2019-03-01', NULL, NULL, 0, 118, 34),
(368, '2019-03-02', '2019-03-05', NULL, NULL, 0, 118, 35),
(369, '2019-03-06', '2019-03-09', NULL, NULL, 0, 118, 36),
(370, '2019-03-10', '2019-03-13', NULL, NULL, 0, 119, 37),
(371, '2019-03-14', '2019-03-17', NULL, NULL, 0, 119, 38),
(372, '2019-03-18', '2019-03-21', NULL, NULL, 0, 119, 39),
(373, '2019-03-22', '2019-03-25', NULL, NULL, 0, 119, 40),
(374, '2019-03-26', '2019-03-29', NULL, NULL, 0, 119, 41),
(375, '2019-03-30', '2019-04-02', NULL, NULL, 0, 119, 42),
(376, '2019-04-03', '2019-04-06', NULL, NULL, 0, 120, 43),
(377, '2019-04-07', '2019-04-10', NULL, NULL, 0, 120, 44),
(378, '2019-04-11', '2019-04-14', NULL, NULL, 0, 121, 45),
(379, '2019-04-15', '2019-04-18', NULL, NULL, 0, 121, 46),
(380, '2019-04-19', '2019-04-22', NULL, NULL, 0, 122, 47),
(381, '2019-04-23', '2019-04-26', NULL, NULL, 0, 122, 48),
(382, '2019-04-27', '2019-04-30', NULL, NULL, 0, 123, 55),
(383, '2019-05-01', '2019-05-04', NULL, NULL, 0, 123, 56),
(384, '2019-05-05', '2019-05-08', NULL, NULL, 0, 124, 57),
(385, '2019-05-09', '2019-05-12', NULL, NULL, 0, 124, 58),
(386, '2019-05-13', '2019-05-16', NULL, NULL, 0, 125, 59),
(387, '2019-05-17', '2019-05-20', NULL, NULL, 0, 125, 60),
(388, '2019-05-21', '2019-05-24', NULL, NULL, 0, 126, 63),
(389, '2019-05-25', '2019-05-28', NULL, NULL, 0, 126, 64),
(390, '2019-05-29', '2019-06-01', NULL, NULL, 0, 126, 65),
(391, '2019-06-02', '2019-06-05', NULL, NULL, 0, 126, 66),
(392, '2019-06-06', '2019-06-09', NULL, NULL, 0, 126, 67),
(393, '2018-10-26', '2018-10-29', '2018-10-23', '2018-10-23', 100, 127, 1),
(394, '2018-10-30', '2018-11-02', '2018-10-23', '2018-10-23', 100, 127, 2),
(395, '2018-11-03', '2018-11-06', '2018-10-23', '2018-10-23', 100, 128, 3),
(396, '2018-11-07', '2018-11-10', '2018-10-23', '2018-10-23', 100, 128, 4),
(397, '2018-11-11', '2018-11-14', NULL, NULL, 0, 129, 5),
(398, '2018-11-15', '2018-11-18', NULL, NULL, 0, 129, 6),
(399, '2018-11-19', '2018-11-22', NULL, NULL, 0, 130, 7),
(400, '2018-11-23', '2018-11-26', NULL, NULL, 0, 130, 8),
(401, '2018-11-27', '2018-11-30', NULL, NULL, 0, 131, 9),
(402, '2018-12-01', '2018-12-04', NULL, NULL, 0, 131, 11),
(403, '2018-12-05', '2018-12-08', NULL, NULL, 0, 131, 12),
(404, '2018-12-09', '2018-12-12', NULL, NULL, 0, 131, 13),
(405, '2018-12-13', '2018-12-16', NULL, NULL, 0, 132, 14),
(406, '2018-12-17', '2018-12-20', NULL, NULL, 0, 132, 15),
(407, '2018-12-21', '2018-12-24', NULL, NULL, 0, 132, 16),
(408, '2018-12-25', '2018-12-28', NULL, NULL, 0, 132, 17),
(409, '2018-12-29', '2019-01-01', NULL, NULL, 0, 132, 18),
(410, '2019-01-02', '2019-01-05', NULL, NULL, 0, 133, 19),
(411, '2019-01-06', '2019-01-09', NULL, NULL, 0, 133, 20),
(412, '2019-01-10', '2019-01-13', NULL, NULL, 0, 133, 21),
(413, '2019-01-14', '2019-01-17', NULL, NULL, 0, 133, 22),
(414, '2019-01-18', '2019-01-21', NULL, NULL, 0, 134, 23),
(415, '2019-01-22', '2019-01-25', NULL, NULL, 0, 134, 24),
(416, '2019-01-26', '2019-01-29', NULL, NULL, 0, 134, 25),
(417, '2019-01-30', '2019-02-02', NULL, NULL, 0, 134, 26),
(418, '2019-02-03', '2019-02-06', NULL, NULL, 0, 135, 27),
(419, '2019-02-07', '2019-02-10', NULL, NULL, 0, 135, 28),
(420, '2019-02-11', '2019-02-14', NULL, NULL, 0, 135, 29),
(421, '2019-02-15', '2019-02-18', NULL, NULL, 0, 135, 30),
(422, '2019-02-19', '2019-02-22', NULL, NULL, 0, 136, 33),
(423, '2019-02-23', '2019-02-26', NULL, NULL, 0, 136, 34),
(424, '2019-02-27', '2019-03-02', NULL, NULL, 0, 136, 35),
(425, '2019-03-03', '2019-03-06', NULL, NULL, 0, 136, 36),
(426, '2019-03-07', '2019-03-10', NULL, NULL, 0, 137, 37),
(427, '2019-03-11', '2019-03-14', NULL, NULL, 0, 137, 38),
(428, '2019-03-15', '2019-03-18', NULL, NULL, 0, 137, 39),
(429, '2019-03-19', '2019-03-22', NULL, NULL, 0, 137, 40),
(430, '2019-03-23', '2019-03-26', NULL, NULL, 0, 137, 41),
(431, '2019-03-27', '2019-03-30', NULL, NULL, 0, 137, 42),
(432, '2019-03-31', '2019-04-03', NULL, NULL, 0, 138, 43),
(433, '2019-04-04', '2019-04-07', NULL, NULL, 0, 138, 44),
(434, '2019-04-08', '2019-04-11', NULL, NULL, 0, 139, 45),
(435, '2019-04-12', '2019-04-15', NULL, NULL, 0, 139, 46),
(436, '2019-04-16', '2019-04-19', NULL, NULL, 0, 140, 47),
(437, '2019-04-20', '2019-04-23', NULL, NULL, 0, 140, 48),
(438, '2019-04-24', '2019-04-27', NULL, NULL, 0, 141, 55),
(439, '2019-04-28', '2019-05-01', NULL, NULL, 0, 141, 56),
(440, '2019-05-02', '2019-05-05', NULL, NULL, 0, 142, 57),
(441, '2019-05-06', '2019-05-09', NULL, NULL, 0, 142, 58),
(442, '2019-05-10', '2019-05-13', NULL, NULL, 0, 143, 59),
(443, '2019-05-14', '2019-05-17', NULL, NULL, 0, 143, 60),
(444, '2019-05-18', '2019-05-21', NULL, NULL, 0, 144, 63),
(445, '2019-05-22', '2019-05-25', NULL, NULL, 0, 144, 64),
(446, '2019-05-26', '2019-05-29', NULL, NULL, 0, 144, 65),
(447, '2019-05-30', '2019-06-02', NULL, NULL, 0, 144, 66),
(448, '2019-06-03', '2019-06-06', NULL, NULL, 0, 144, 67),
(449, '2019-02-15', '2019-02-18', '2019-02-15', '2019-02-15', 100, 145, 1),
(450, '2019-02-19', '2019-02-22', '2019-02-22', '2019-02-22', 100, 145, 2),
(451, '2019-02-23', '2019-02-26', '2019-02-24', '2019-02-24', 100, 146, 3),
(452, '2019-02-27', '2019-03-02', '2019-03-05', '2019-03-05', 100, 146, 4),
(453, '2019-03-03', '2019-03-06', '2019-03-05', NULL, 80, 147, 5),
(454, '2019-03-07', '2019-03-10', NULL, NULL, 0, 147, 6),
(455, '2019-03-11', '2019-03-14', NULL, NULL, 0, 148, 7),
(456, '2019-03-15', '2019-03-18', NULL, NULL, 0, 148, 8),
(457, '2019-03-19', '2019-03-22', NULL, NULL, 0, 149, 9),
(458, '2019-03-23', '2019-03-26', NULL, NULL, 0, 149, 11),
(459, '2019-03-27', '2019-03-30', NULL, NULL, 0, 149, 12),
(460, '2019-03-31', '2019-04-03', NULL, NULL, 0, 149, 13),
(461, '2019-04-04', '2019-04-07', NULL, NULL, 0, 150, 14),
(462, '2019-04-08', '2019-04-11', NULL, NULL, 0, 150, 15),
(463, '2019-04-12', '2019-04-15', NULL, NULL, 0, 150, 16),
(464, '2019-04-16', '2019-04-19', NULL, NULL, 0, 150, 17),
(465, '2019-04-20', '2019-04-23', NULL, NULL, 0, 150, 18),
(466, '2019-04-24', '2019-04-27', NULL, NULL, 0, 151, 19),
(467, '2019-04-28', '2019-05-01', NULL, NULL, 0, 151, 20),
(468, '2019-05-02', '2019-05-05', NULL, NULL, 0, 151, 21),
(469, '2019-05-06', '2019-05-09', NULL, NULL, 0, 151, 22),
(470, '2019-05-10', '2019-05-13', NULL, NULL, 0, 152, 23),
(471, '2019-05-14', '2019-05-17', NULL, NULL, 0, 152, 24),
(472, '2019-05-18', '2019-05-21', NULL, NULL, 0, 152, 25),
(473, '2019-05-22', '2019-05-25', NULL, NULL, 0, 152, 26),
(474, '2019-05-26', '2019-05-29', NULL, NULL, 0, 153, 27),
(475, '2019-05-30', '2019-06-02', NULL, NULL, 0, 153, 28),
(476, '2019-06-03', '2019-06-06', NULL, NULL, 0, 153, 29),
(477, '2019-06-07', '2019-06-10', NULL, NULL, 0, 153, 30),
(478, '2019-06-11', '2019-06-14', NULL, NULL, 0, 154, 33),
(479, '2019-06-15', '2019-06-18', NULL, NULL, 0, 154, 34),
(480, '2019-06-19', '2019-06-22', NULL, NULL, 0, 154, 35),
(481, '2019-06-23', '2019-06-26', NULL, NULL, 0, 154, 36),
(482, '2019-06-27', '2019-06-30', NULL, NULL, 0, 155, 37),
(483, '2019-07-01', '2019-07-04', NULL, NULL, 0, 155, 38),
(484, '2019-07-05', '2019-07-08', NULL, NULL, 0, 155, 39),
(485, '2019-07-09', '2019-07-12', NULL, NULL, 0, 155, 40),
(486, '2019-07-13', '2019-07-16', NULL, NULL, 0, 155, 41),
(487, '2019-07-17', '2019-07-20', NULL, NULL, 0, 155, 42),
(488, '2019-07-21', '2019-07-24', NULL, NULL, 0, 156, 43),
(489, '2019-07-25', '2019-07-28', NULL, NULL, 0, 156, 44),
(490, '2019-07-29', '2019-08-01', NULL, NULL, 0, 157, 45),
(491, '2019-08-02', '2019-08-05', NULL, NULL, 0, 157, 46),
(492, '2019-08-06', '2019-08-09', NULL, NULL, 0, 158, 47),
(493, '2019-08-10', '2019-08-13', NULL, NULL, 0, 158, 48),
(494, '2019-08-14', '2019-08-17', NULL, NULL, 0, 159, 55),
(495, '2019-08-18', '2019-08-21', NULL, NULL, 0, 159, 56),
(496, '2019-08-22', '2019-08-25', NULL, NULL, 0, 160, 57),
(497, '2019-08-26', '2019-08-29', NULL, NULL, 0, 160, 58),
(498, '2019-08-30', '2019-09-02', NULL, NULL, 0, 161, 59),
(499, '2019-09-03', '2019-09-06', NULL, NULL, 0, 161, 60),
(500, '2019-09-07', '2019-09-10', NULL, NULL, 0, 162, 63),
(501, '2019-09-11', '2019-09-14', NULL, NULL, 0, 162, 64),
(502, '2019-09-15', '2019-09-18', NULL, NULL, 0, 162, 65),
(503, '2019-09-19', '2019-09-22', NULL, NULL, 0, 162, 66),
(504, '2019-09-23', '2019-09-26', NULL, NULL, 0, 162, 67);

-- --------------------------------------------------------

--
-- Table structure for table `tblverticaloptions`
--

CREATE TABLE `tblverticaloptions` (
  `intVerticalOptionsId` int(11) NOT NULL,
  `strDesc` varchar(45) NOT NULL,
  `intWorksFormulaId` int(11) NOT NULL
) ENGINE=InnoDB DEFAULT CHARSET=latin1;

--
-- Dumping data for table `tblverticaloptions`
--

INSERT INTO `tblverticaloptions` (`intVerticalOptionsId`, `strDesc`, `intWorksFormulaId`) VALUES
(1, 'Class AA', 1),
(2, 'Class A', 1),
(3, 'Class B', 1),
(4, 'Class C', 1),
(5, '10.0cm', 2),
(6, '12.5cm', 2),
(7, '15.0cm', 2),
(8, '17.5cm', 2),
(9, '20.0cm', 2),
(10, '22.5cm', 2),
(11, '25.0cm', 2),
(12, '10.0cm', 3),
(13, '12.5cm', 3),
(14, '15.0cm', 3),
(15, '17.5cm', 3),
(16, '20.0cm', 3),
(17, '22.5cm', 3),
(18, '25.0cm', 3),
(19, 'per sq. m', 4),
(20, '30cm', 5),
(21, '40cm', 5);

-- --------------------------------------------------------

--
-- Table structure for table `tblworkcategory`
--

CREATE TABLE `tblworkcategory` (
  `intWorkCategoryId` int(11) NOT NULL,
  `strWorkCategoryDesc` varchar(45) NOT NULL
) ENGINE=InnoDB DEFAULT CHARSET=latin1;

--
-- Dumping data for table `tblworkcategory`
--

INSERT INTO `tblworkcategory` (`intWorkCategoryId`, `strWorkCategoryDesc`) VALUES
(1, 'General Requirements'),
(2, 'Construction Requirements');

-- --------------------------------------------------------

--
-- Table structure for table `tblworksformula`
--

CREATE TABLE `tblworksformula` (
  `intWorksFormulaId` int(11) NOT NULL,
  `strDesc` varchar(45) NOT NULL
) ENGINE=InnoDB DEFAULT CHARSET=latin1;

--
-- Dumping data for table `tblworksformula`
--

INSERT INTO `tblworksformula` (`intWorksFormulaId`, `strDesc`) VALUES
(1, 'Concretes'),
(2, 'Slab One Way Reinforcement'),
(3, 'One Way Tie Wire'),
(4, 'CHB'),
(5, 'CHB Tie Wire');

-- --------------------------------------------------------

--
-- Table structure for table `tblworksubcategory`
--

CREATE TABLE `tblworksubcategory` (
  `intWorkSubCategoryId` int(11) NOT NULL,
  `strWorkSubCategoryDesc` varchar(45) NOT NULL,
  `intWorkCategoryId` int(11) NOT NULL
) ENGINE=InnoDB DEFAULT CHARSET=latin1;

--
-- Dumping data for table `tblworksubcategory`
--

INSERT INTO `tblworksubcategory` (`intWorkSubCategoryId`, `strWorkSubCategoryDesc`, `intWorkCategoryId`) VALUES
(1, 'Permits', 1),
(2, 'Miscellaneous', 1),
(3, 'Earthworks', 1),
(4, 'Others', 1),
(5, 'Column', 2),
(6, 'Footing', 2),
(7, 'Slab', 2),
(8, 'Beams', 2),
(9, 'Wall Footing', 2),
(10, 'Floor Beams', 2),
(11, 'Roof Beams', 2),
(12, 'Masonry', 2),
(13, 'Roofing', 2),
(14, 'Windows', 2),
(15, 'Doors', 2),
(16, 'Ceiling', 2),
(17, 'Paint Ceiling', 2),
(18, 'Paint Walls', 2),
(19, 'Electrical Works', 2),
(20, 'Plumbing Works', 2),
(21, 'Tiles', 2);

-- --------------------------------------------------------

--
-- Table structure for table `tblworksubcategoryphases`
--

CREATE TABLE `tblworksubcategoryphases` (
  `intWorkSubCategoryPhasesId` int(11) NOT NULL,
  `strName` varchar(45) NOT NULL,
  `intDays` int(11) NOT NULL DEFAULT '3',
  `intWorkSubCategoryId` int(11) NOT NULL
) ENGINE=InnoDB DEFAULT CHARSET=latin1;

--
-- Dumping data for table `tblworksubcategoryphases`
--

INSERT INTO `tblworksubcategoryphases` (`intWorkSubCategoryPhasesId`, `strName`, `intDays`, `intWorkSubCategoryId`) VALUES
(1, 'Phase1', 3, 1),
(2, 'Phase2', 3, 1),
(3, 'Phase1', 3, 2),
(4, 'Phase2', 3, 2),
(5, 'Phase1', 3, 3),
(6, 'Phase2', 3, 3),
(7, 'Phase1', 3, 4),
(8, 'Phase2', 3, 4),
(9, 'Layout Work', 3, 5),
(11, 'Reinforcement Work', 3, 5),
(12, 'Formwork', 3, 5),
(13, 'Pouring Concrete', 3, 5),
(14, 'Preparing The Base', 3, 6),
(15, 'Formwork', 3, 6),
(16, 'Reinforcements', 3, 6),
(17, 'Cover Block', 3, 6),
(18, 'Pouring Concrete', 3, 6),
(19, 'Formwork', 3, 7),
(20, 'Bending And Binding Steel Bars', 3, 7),
(21, 'Spacing of Steel Bars', 3, 7),
(22, 'Pouring Concrete', 3, 7),
(23, 'Formwork', 3, 8),
(24, 'Bending And Binding Steel Bars', 3, 8),
(25, 'Pouring Concrete', 3, 8),
(26, 'Curing', 3, 8),
(27, 'Foundation Embedment', 3, 9),
(28, 'Lateral Support', 3, 9),
(29, 'Wall Openings', 3, 9),
(30, 'Wall Elevation', 3, 9),
(31, 'Phase1', 3, 10),
(32, 'Phase2', 3, 10),
(33, 'Formwork', 3, 11),
(34, 'Bending And Binding Steel Bars', 3, 11),
(35, 'Pouring Concrete', 3, 11),
(36, 'Curing', 3, 11),
(37, 'Reinforcement Connectors', 3, 12),
(38, 'Mixing Mortars', 3, 12),
(39, 'Controls and Expansion Joints', 3, 12),
(40, 'Bracing', 3, 12),
(41, 'Placement', 3, 12),
(42, 'Coverings', 3, 12),
(43, 'Preparing The Walls', 3, 13),
(44, 'Erection of roof structure', 3, 13),
(45, 'Installation', 3, 14),
(46, 'Finishing', 3, 14),
(47, 'Installation', 3, 15),
(48, 'Finishing', 3, 15),
(49, 'Roof Framing', 3, 16),
(50, 'Roof Sheathing', 3, 16),
(51, 'Framing Connections', 3, 16),
(52, 'Corrosion Protection', 3, 16),
(53, 'Ceiling Finishes', 3, 16),
(54, 'Roof Ventilation', 3, 16),
(55, 'Primer', 3, 17),
(56, 'Paint Coat', 3, 17),
(57, 'Primer', 3, 18),
(58, 'Paint Coat', 3, 18),
(59, 'Underground Conduit', 3, 19),
(60, 'Rough-in', 3, 19),
(61, 'Phase1', 3, 20),
(62, 'Phase2', 3, 20),
(63, 'Layout', 3, 21),
(64, 'Adhesive', 3, 21),
(65, 'Placement', 3, 21),
(66, 'Grouting Joints', 3, 21),
(67, 'Fastening Requirements', 3, 21);

--
-- Indexes for dumped tables
--

--
-- Indexes for table `tblaccounts`
--
ALTER TABLE `tblaccounts`
  ADD PRIMARY KEY (`id`),
  ADD UNIQUE KEY `intAccountId_UNIQUE` (`id`),
  ADD UNIQUE KEY `varUserName_UNIQUE` (`username`);

--
-- Indexes for table `tblemployee`
--
ALTER TABLE `tblemployee`
  ADD PRIMARY KEY (`intEmployeeId`),
  ADD UNIQUE KEY `intEmployeeId_UNIQUE` (`intEmployeeId`),
  ADD UNIQUE KEY `intAccountId_UNIQUE` (`intAccountId`),
  ADD UNIQUE KEY `varEmployeeContactNo_UNIQUE` (`varEmployeeContactNo`),
  ADD UNIQUE KEY `varEmployeeEMail_UNIQUE` (`varEmployeeEMail`),
  ADD KEY `fk_tblEmployee_tblAccounts1_idx` (`intAccountId`);

--
-- Indexes for table `tblformulavalues`
--
ALTER TABLE `tblformulavalues`
  ADD PRIMARY KEY (`intFormulaValueId`),
  ADD UNIQUE KEY `intFormulaId_UNIQUE` (`intFormulaValueId`),
  ADD KEY `fk_tblHorizontalOptions_has_tblVerticalOptions_tblVerticalO_idx` (`intVerticalOptionsId`),
  ADD KEY `fk_tblHorizontalOptions_has_tblVerticalOptions_tblHorizonta_idx` (`intHorizontalOptionsId`);

--
-- Indexes for table `tblhorizontaloptions`
--
ALTER TABLE `tblhorizontaloptions`
  ADD PRIMARY KEY (`intHorizontalOptionsId`),
  ADD UNIQUE KEY `intHorizontalOptionsId_UNIQUE` (`intHorizontalOptionsId`),
  ADD KEY `fk_tblHorizontalOptions_tblWoksFormula1_idx` (`intWorksFormulaId`);

--
-- Indexes for table `tbllabouractualshistory`
--
ALTER TABLE `tbllabouractualshistory`
  ADD PRIMARY KEY (`intLabourActualsHistory`),
  ADD UNIQUE KEY `intLabourActualsHistory_UNIQUE` (`intLabourActualsHistory`),
  ADD KEY `fk_tblLabourActualsHistory_tblLabourCost1_idx` (`intLabourActualId`);

--
-- Indexes for table `tbllabourcost`
--
ALTER TABLE `tbllabourcost`
  ADD PRIMARY KEY (`intLabourActualId`),
  ADD UNIQUE KEY `intLabourActualId_UNIQUE` (`intLabourActualId`),
  ADD KEY `fk_tblLabourCost_tblproject1_idx` (`iintProjectId`),
  ADD KEY `fk_tblLabourCost_tblworksubcategory1_idx` (`intWorkSubCategoryId`);

--
-- Indexes for table `tblmaterialactuals`
--
ALTER TABLE `tblmaterialactuals`
  ADD PRIMARY KEY (`intMaterialActualsId`),
  ADD KEY `fk_tblmaterialactuals_tblmaterials1_idx` (`intMaterialId`),
  ADD KEY `fk_tblmaterialactuals_tblproject1_idx` (`intProjectId`),
  ADD KEY `fk_tblmaterialactuals_tblworksubcategory1_idx` (`intWorkSubCategoryId`);

--
-- Indexes for table `tblmaterialactualshistory`
--
ALTER TABLE `tblmaterialactualshistory`
  ADD PRIMARY KEY (`intMaterialActualsHistoryId`),
  ADD KEY `fk_tblmaterialactualshistory_tblmaterialactuals1_idx` (`intMaterialActualsId`);

--
-- Indexes for table `tblmaterialestimates`
--
ALTER TABLE `tblmaterialestimates`
  ADD PRIMARY KEY (`intMaterialEstimatesId`),
  ADD KEY `fk_tblmaterialsestimate_tblmaterials1_idx` (`intMaterialId`),
  ADD KEY `fk_tblmaterialsestimate_tblproject1_idx` (`intProjectId`),
  ADD KEY `fk_tblmaterialestimates_tblworksubcategory1_idx` (`intWorkSubCategoryId`);

--
-- Indexes for table `tblmaterialestimationtemplate`
--
ALTER TABLE `tblmaterialestimationtemplate`
  ADD PRIMARY KEY (`intMaterialEstimationTemplateId`),
  ADD UNIQUE KEY `intEstimationTemplateId_UNIQUE` (`intMaterialEstimationTemplateId`),
  ADD KEY `fk_tblMaterialEstimationTemplate_tblworksubcategory1_idx` (`intWorkSubCategoryId`),
  ADD KEY `fk_tblMaterialEstimationTemplate_tblProjectTemplate1_idx` (`intProjectTemplateId`),
  ADD KEY `fk_tblMaterialEstimationTemplate_tblmaterials1_idx` (`intMaterialId`);

--
-- Indexes for table `tblmaterials`
--
ALTER TABLE `tblmaterials`
  ADD PRIMARY KEY (`intMaterialId`);

--
-- Indexes for table `tblprice`
--
ALTER TABLE `tblprice`
  ADD PRIMARY KEY (`intPriceId`),
  ADD UNIQUE KEY `intPriceId_UNIQUE` (`intPriceId`),
  ADD KEY `fk_tblPrice_tblMaterials1_idx` (`intMaterialId`);

--
-- Indexes for table `tblproject`
--
ALTER TABLE `tblproject`
  ADD PRIMARY KEY (`intProjectId`),
  ADD UNIQUE KEY `intProjectId_UNIQUE` (`intProjectId`),
  ADD KEY `fk_tblProject_tblEmployee1_idx` (`intEmployeeId`),
  ADD KEY `fk_tblproject_tblProjectTemplate1_idx` (`intProjectTemplateId`);

--
-- Indexes for table `tblprojectrequirements`
--
ALTER TABLE `tblprojectrequirements`
  ADD PRIMARY KEY (`intRequirementId`),
  ADD KEY `fk_tblcustomestimates_tblproject1_idx` (`intProjectId`),
  ADD KEY `fk_tblProjectRequirements_tblworksubcategory1_idx` (`intWorkSubCategoryId`);

--
-- Indexes for table `tblprojectrequirementstemplate`
--
ALTER TABLE `tblprojectrequirementstemplate`
  ADD PRIMARY KEY (`intProjectRequirementsTemplateId`),
  ADD UNIQUE KEY `intProjectRequirementsTemplate_UNIQUE` (`intProjectRequirementsTemplateId`),
  ADD KEY `fk_tblProjectRequirementsTemplate_tblworksubcategory1_idx` (`intWorkSubCategoryId`),
  ADD KEY `fk_tblProjectRequirementsTemplate_tblProjectTemplate1_idx` (`intProjectTemplateId`);

--
-- Indexes for table `tblprojecttemplate`
--
ALTER TABLE `tblprojecttemplate`
  ADD PRIMARY KEY (`intProjectTemplateId`),
  ADD UNIQUE KEY `intProjectTemplate_UNIQUE` (`intProjectTemplateId`);

--
-- Indexes for table `tblschedules`
--
ALTER TABLE `tblschedules`
  ADD PRIMARY KEY (`intScheduleId`),
  ADD UNIQUE KEY `intScheduleId_UNIQUE` (`intScheduleId`),
  ADD KEY `fk_tblSchedules_tblProject1_idx` (`intProjectId`),
  ADD KEY `fk_tblschedules_tblworkcategory1_idx` (`intWorkSubCategoryId`),
  ADD KEY `fk_tblschedules_tblschedules1_idx` (`intDependencyScheduleId`);

--
-- Indexes for table `tblschedulesphases`
--
ALTER TABLE `tblschedulesphases`
  ADD PRIMARY KEY (`intSchedulePhasesId`),
  ADD KEY `fk_tblschedulesphases_tblschedules1_idx` (`intScheduleId`),
  ADD KEY `fk_tblschedulesphases_tblworksubcategoryphases1_idx` (`intWorkSubCategoryPhasesId`);

--
-- Indexes for table `tblverticaloptions`
--
ALTER TABLE `tblverticaloptions`
  ADD PRIMARY KEY (`intVerticalOptionsId`),
  ADD UNIQUE KEY `intVerticalOptionsId_UNIQUE` (`intVerticalOptionsId`),
  ADD KEY `fk_tblVerticalOptions_tblWoksFormula1_idx` (`intWorksFormulaId`);

--
-- Indexes for table `tblworkcategory`
--
ALTER TABLE `tblworkcategory`
  ADD PRIMARY KEY (`intWorkCategoryId`);

--
-- Indexes for table `tblworksformula`
--
ALTER TABLE `tblworksformula`
  ADD PRIMARY KEY (`intWorksFormulaId`),
  ADD UNIQUE KEY `intWoksFormulaId_UNIQUE` (`intWorksFormulaId`);

--
-- Indexes for table `tblworksubcategory`
--
ALTER TABLE `tblworksubcategory`
  ADD PRIMARY KEY (`intWorkSubCategoryId`),
  ADD UNIQUE KEY `intWorkCategoryId_UNIQUE` (`intWorkSubCategoryId`),
  ADD UNIQUE KEY `strDesc_UNIQUE` (`strWorkSubCategoryDesc`),
  ADD KEY `fk_tblworksubcategory_tblworkcategory1_idx` (`intWorkCategoryId`);

--
-- Indexes for table `tblworksubcategoryphases`
--
ALTER TABLE `tblworksubcategoryphases`
  ADD PRIMARY KEY (`intWorkSubCategoryPhasesId`),
  ADD KEY `fk_tblworksubcategoryphases_tblworksubcategory1_idx` (`intWorkSubCategoryId`);

--
-- AUTO_INCREMENT for dumped tables
--

--
-- AUTO_INCREMENT for table `tblaccounts`
--
ALTER TABLE `tblaccounts`
  MODIFY `id` int(11) NOT NULL AUTO_INCREMENT, AUTO_INCREMENT=784;

--
-- AUTO_INCREMENT for table `tblemployee`
--
ALTER TABLE `tblemployee`
  MODIFY `intEmployeeId` int(11) NOT NULL AUTO_INCREMENT, AUTO_INCREMENT=782;

--
-- AUTO_INCREMENT for table `tblformulavalues`
--
ALTER TABLE `tblformulavalues`
  MODIFY `intFormulaValueId` int(11) NOT NULL AUTO_INCREMENT, AUTO_INCREMENT=106;

--
-- AUTO_INCREMENT for table `tblhorizontaloptions`
--
ALTER TABLE `tblhorizontaloptions`
  MODIFY `intHorizontalOptionsId` int(11) NOT NULL AUTO_INCREMENT, AUTO_INCREMENT=26;

--
-- AUTO_INCREMENT for table `tbllabouractualshistory`
--
ALTER TABLE `tbllabouractualshistory`
  MODIFY `intLabourActualsHistory` int(11) NOT NULL AUTO_INCREMENT;

--
-- AUTO_INCREMENT for table `tbllabourcost`
--
ALTER TABLE `tbllabourcost`
  MODIFY `intLabourActualId` int(11) NOT NULL AUTO_INCREMENT;

--
-- AUTO_INCREMENT for table `tblmaterialactuals`
--
ALTER TABLE `tblmaterialactuals`
  MODIFY `intMaterialActualsId` int(11) NOT NULL AUTO_INCREMENT, AUTO_INCREMENT=55;

--
-- AUTO_INCREMENT for table `tblmaterialactualshistory`
--
ALTER TABLE `tblmaterialactualshistory`
  MODIFY `intMaterialActualsHistoryId` int(11) NOT NULL AUTO_INCREMENT, AUTO_INCREMENT=60;

--
-- AUTO_INCREMENT for table `tblmaterialestimates`
--
ALTER TABLE `tblmaterialestimates`
  MODIFY `intMaterialEstimatesId` int(11) NOT NULL AUTO_INCREMENT, AUTO_INCREMENT=1681;

--
-- AUTO_INCREMENT for table `tblmaterialestimationtemplate`
--
ALTER TABLE `tblmaterialestimationtemplate`
  MODIFY `intMaterialEstimationTemplateId` int(11) NOT NULL AUTO_INCREMENT, AUTO_INCREMENT=98;

--
-- AUTO_INCREMENT for table `tblmaterials`
--
ALTER TABLE `tblmaterials`
  MODIFY `intMaterialId` int(11) NOT NULL AUTO_INCREMENT, AUTO_INCREMENT=86;

--
-- AUTO_INCREMENT for table `tblprice`
--
ALTER TABLE `tblprice`
  MODIFY `intPriceId` int(11) NOT NULL AUTO_INCREMENT, AUTO_INCREMENT=186;

--
-- AUTO_INCREMENT for table `tblproject`
--
ALTER TABLE `tblproject`
  MODIFY `intProjectId` int(11) NOT NULL AUTO_INCREMENT, AUTO_INCREMENT=36;

--
-- AUTO_INCREMENT for table `tblprojectrequirements`
--
ALTER TABLE `tblprojectrequirements`
  MODIFY `intRequirementId` int(11) NOT NULL AUTO_INCREMENT, AUTO_INCREMENT=270;

--
-- AUTO_INCREMENT for table `tblprojectrequirementstemplate`
--
ALTER TABLE `tblprojectrequirementstemplate`
  MODIFY `intProjectRequirementsTemplateId` int(11) NOT NULL AUTO_INCREMENT, AUTO_INCREMENT=14;

--
-- AUTO_INCREMENT for table `tblprojecttemplate`
--
ALTER TABLE `tblprojecttemplate`
  MODIFY `intProjectTemplateId` int(11) NOT NULL AUTO_INCREMENT, AUTO_INCREMENT=4;

--
-- AUTO_INCREMENT for table `tblschedules`
--
ALTER TABLE `tblschedules`
  MODIFY `intScheduleId` int(11) NOT NULL AUTO_INCREMENT, AUTO_INCREMENT=163;

--
-- AUTO_INCREMENT for table `tblschedulesphases`
--
ALTER TABLE `tblschedulesphases`
  MODIFY `intSchedulePhasesId` int(11) NOT NULL AUTO_INCREMENT, AUTO_INCREMENT=505;

--
-- AUTO_INCREMENT for table `tblverticaloptions`
--
ALTER TABLE `tblverticaloptions`
  MODIFY `intVerticalOptionsId` int(11) NOT NULL AUTO_INCREMENT, AUTO_INCREMENT=22;

--
-- AUTO_INCREMENT for table `tblworkcategory`
--
ALTER TABLE `tblworkcategory`
  MODIFY `intWorkCategoryId` int(11) NOT NULL AUTO_INCREMENT, AUTO_INCREMENT=3;

--
-- AUTO_INCREMENT for table `tblworksformula`
--
ALTER TABLE `tblworksformula`
  MODIFY `intWorksFormulaId` int(11) NOT NULL AUTO_INCREMENT, AUTO_INCREMENT=6;

--
-- AUTO_INCREMENT for table `tblworksubcategory`
--
ALTER TABLE `tblworksubcategory`
  MODIFY `intWorkSubCategoryId` int(11) NOT NULL AUTO_INCREMENT, AUTO_INCREMENT=22;

--
-- AUTO_INCREMENT for table `tblworksubcategoryphases`
--
ALTER TABLE `tblworksubcategoryphases`
  MODIFY `intWorkSubCategoryPhasesId` int(11) NOT NULL AUTO_INCREMENT, AUTO_INCREMENT=68;

--
-- Constraints for dumped tables
--

--
-- Constraints for table `tblemployee`
--
ALTER TABLE `tblemployee`
  ADD CONSTRAINT `fk_tblEmployee_tblAccounts1` FOREIGN KEY (`intAccountId`) REFERENCES `tblaccounts` (`id`) ON DELETE NO ACTION ON UPDATE NO ACTION;

--
-- Constraints for table `tblformulavalues`
--
ALTER TABLE `tblformulavalues`
  ADD CONSTRAINT `fk_tblHorizontalOptions_has_tblVerticalOptions_tblHorizontalO1` FOREIGN KEY (`intHorizontalOptionsId`) REFERENCES `tblhorizontaloptions` (`intHorizontalOptionsId`) ON DELETE NO ACTION ON UPDATE NO ACTION,
  ADD CONSTRAINT `fk_tblHorizontalOptions_has_tblVerticalOptions_tblVerticalOpt1` FOREIGN KEY (`intVerticalOptionsId`) REFERENCES `tblverticaloptions` (`intVerticalOptionsId`) ON DELETE NO ACTION ON UPDATE NO ACTION;

--
-- Constraints for table `tblhorizontaloptions`
--
ALTER TABLE `tblhorizontaloptions`
  ADD CONSTRAINT `fk_tblHorizontalOptions_tblWoksFormula1` FOREIGN KEY (`intWorksFormulaId`) REFERENCES `tblworksformula` (`intWorksFormulaId`) ON DELETE NO ACTION ON UPDATE NO ACTION;

--
-- Constraints for table `tbllabouractualshistory`
--
ALTER TABLE `tbllabouractualshistory`
  ADD CONSTRAINT `fk_tblLabourActualsHistory_tblLabourCost1` FOREIGN KEY (`intLabourActualId`) REFERENCES `tbllabourcost` (`intLabourActualId`) ON DELETE NO ACTION ON UPDATE NO ACTION;

--
-- Constraints for table `tbllabourcost`
--
ALTER TABLE `tbllabourcost`
  ADD CONSTRAINT `fk_tblLabourCost_tblproject1` FOREIGN KEY (`iintProjectId`) REFERENCES `tblproject` (`intProjectId`) ON DELETE NO ACTION ON UPDATE NO ACTION,
  ADD CONSTRAINT `fk_tblLabourCost_tblworksubcategory1` FOREIGN KEY (`intWorkSubCategoryId`) REFERENCES `tblworksubcategory` (`intWorkSubCategoryId`) ON DELETE NO ACTION ON UPDATE NO ACTION;

--
-- Constraints for table `tblmaterialactuals`
--
ALTER TABLE `tblmaterialactuals`
  ADD CONSTRAINT `fk_tblmaterialactuals_tblmaterials1` FOREIGN KEY (`intMaterialId`) REFERENCES `tblmaterials` (`intMaterialId`) ON DELETE NO ACTION ON UPDATE NO ACTION,
  ADD CONSTRAINT `fk_tblmaterialactuals_tblproject1` FOREIGN KEY (`intProjectId`) REFERENCES `tblproject` (`intProjectId`) ON DELETE NO ACTION ON UPDATE NO ACTION,
  ADD CONSTRAINT `fk_tblmaterialactuals_tblworksubcategory1` FOREIGN KEY (`intWorkSubCategoryId`) REFERENCES `tblworksubcategory` (`intWorkSubCategoryId`) ON DELETE NO ACTION ON UPDATE NO ACTION;

--
-- Constraints for table `tblmaterialactualshistory`
--
ALTER TABLE `tblmaterialactualshistory`
  ADD CONSTRAINT `fk_tblmaterialactualshistory_tblmaterialactuals1` FOREIGN KEY (`intMaterialActualsId`) REFERENCES `tblmaterialactuals` (`intMaterialActualsId`) ON DELETE NO ACTION ON UPDATE NO ACTION;

--
-- Constraints for table `tblmaterialestimates`
--
ALTER TABLE `tblmaterialestimates`
  ADD CONSTRAINT `fk_tblmaterialestimates_tblworksubcategory1` FOREIGN KEY (`intWorkSubCategoryId`) REFERENCES `tblworksubcategory` (`intWorkSubCategoryId`) ON DELETE NO ACTION ON UPDATE NO ACTION,
  ADD CONSTRAINT `fk_tblmaterialsestimate_tblmaterials1` FOREIGN KEY (`intMaterialId`) REFERENCES `tblmaterials` (`intMaterialId`) ON DELETE NO ACTION ON UPDATE NO ACTION,
  ADD CONSTRAINT `fk_tblmaterialsestimate_tblproject1` FOREIGN KEY (`intProjectId`) REFERENCES `tblproject` (`intProjectId`) ON DELETE NO ACTION ON UPDATE NO ACTION;

--
-- Constraints for table `tblmaterialestimationtemplate`
--
ALTER TABLE `tblmaterialestimationtemplate`
  ADD CONSTRAINT `fk_tblMaterialEstimationTemplate_tblProjectTemplate1` FOREIGN KEY (`intProjectTemplateId`) REFERENCES `tblprojecttemplate` (`intProjectTemplateId`) ON DELETE NO ACTION ON UPDATE NO ACTION,
  ADD CONSTRAINT `fk_tblMaterialEstimationTemplate_tblmaterials1` FOREIGN KEY (`intMaterialId`) REFERENCES `tblmaterials` (`intMaterialId`) ON DELETE NO ACTION ON UPDATE NO ACTION,
  ADD CONSTRAINT `fk_tblMaterialEstimationTemplate_tblworksubcategory1` FOREIGN KEY (`intWorkSubCategoryId`) REFERENCES `tblworksubcategory` (`intWorkSubCategoryId`) ON DELETE NO ACTION ON UPDATE NO ACTION;

--
-- Constraints for table `tblprice`
--
ALTER TABLE `tblprice`
  ADD CONSTRAINT `fk_tblPrice_tblMaterials1` FOREIGN KEY (`intMaterialId`) REFERENCES `tblmaterials` (`intMaterialId`) ON DELETE NO ACTION ON UPDATE NO ACTION;

--
-- Constraints for table `tblproject`
--
ALTER TABLE `tblproject`
  ADD CONSTRAINT `fk_tblProject_tblEmployee1` FOREIGN KEY (`intEmployeeId`) REFERENCES `tblemployee` (`intEmployeeId`) ON DELETE NO ACTION ON UPDATE NO ACTION,
  ADD CONSTRAINT `fk_tblproject_tblProjectTemplate1` FOREIGN KEY (`intProjectTemplateId`) REFERENCES `tblprojecttemplate` (`intProjectTemplateId`) ON DELETE NO ACTION ON UPDATE NO ACTION;

--
-- Constraints for table `tblprojectrequirements`
--
ALTER TABLE `tblprojectrequirements`
  ADD CONSTRAINT `fk_tblProjectRequirements_tblworksubcategory1` FOREIGN KEY (`intWorkSubCategoryId`) REFERENCES `tblworksubcategory` (`intWorkSubCategoryId`) ON DELETE NO ACTION ON UPDATE NO ACTION,
  ADD CONSTRAINT `fk_tblcustomestimates_tblproject1` FOREIGN KEY (`intProjectId`) REFERENCES `tblproject` (`intProjectId`) ON DELETE NO ACTION ON UPDATE NO ACTION;

--
-- Constraints for table `tblprojectrequirementstemplate`
--
ALTER TABLE `tblprojectrequirementstemplate`
  ADD CONSTRAINT `fk_tblProjectRequirementsTemplate_tblProjectTemplate1` FOREIGN KEY (`intProjectTemplateId`) REFERENCES `tblprojecttemplate` (`intProjectTemplateId`) ON DELETE NO ACTION ON UPDATE NO ACTION,
  ADD CONSTRAINT `fk_tblProjectRequirementsTemplate_tblworksubcategory1` FOREIGN KEY (`intWorkSubCategoryId`) REFERENCES `tblworksubcategory` (`intWorkSubCategoryId`) ON DELETE NO ACTION ON UPDATE NO ACTION;

--
-- Constraints for table `tblschedules`
--
ALTER TABLE `tblschedules`
  ADD CONSTRAINT `fk_tblSchedules_tblProject1` FOREIGN KEY (`intProjectId`) REFERENCES `tblproject` (`intProjectId`) ON DELETE NO ACTION ON UPDATE NO ACTION,
  ADD CONSTRAINT `fk_tblschedules_tblschedules1` FOREIGN KEY (`intDependencyScheduleId`) REFERENCES `tblschedules` (`intScheduleId`) ON DELETE NO ACTION ON UPDATE NO ACTION,
  ADD CONSTRAINT `fk_tblschedules_tblworkcategory1` FOREIGN KEY (`intWorkSubCategoryId`) REFERENCES `tblworksubcategory` (`intWorkSubCategoryId`) ON DELETE NO ACTION ON UPDATE NO ACTION;

--
-- Constraints for table `tblschedulesphases`
--
ALTER TABLE `tblschedulesphases`
  ADD CONSTRAINT `fk_tblschedulesphases_tblschedules1` FOREIGN KEY (`intScheduleId`) REFERENCES `tblschedules` (`intScheduleId`) ON DELETE NO ACTION ON UPDATE NO ACTION,
  ADD CONSTRAINT `fk_tblschedulesphases_tblworksubcategoryphases1` FOREIGN KEY (`intWorkSubCategoryPhasesId`) REFERENCES `tblworksubcategoryphases` (`intWorkSubCategoryPhasesId`) ON DELETE NO ACTION ON UPDATE NO ACTION;

--
-- Constraints for table `tblverticaloptions`
--
ALTER TABLE `tblverticaloptions`
  ADD CONSTRAINT `fk_tblVerticalOptions_tblWoksFormula1` FOREIGN KEY (`intWorksFormulaId`) REFERENCES `tblworksformula` (`intWorksFormulaId`) ON DELETE NO ACTION ON UPDATE NO ACTION;

--
-- Constraints for table `tblworksubcategory`
--
ALTER TABLE `tblworksubcategory`
  ADD CONSTRAINT `fk_tblworksubcategory_tblworkcategory1` FOREIGN KEY (`intWorkCategoryId`) REFERENCES `tblworkcategory` (`intWorkCategoryId`) ON DELETE NO ACTION ON UPDATE NO ACTION;

--
-- Constraints for table `tblworksubcategoryphases`
--
ALTER TABLE `tblworksubcategoryphases`
  ADD CONSTRAINT `fk_tblworksubcategoryphases_tblworksubcategory1` FOREIGN KEY (`intWorkSubCategoryId`) REFERENCES `tblworksubcategory` (`intWorkSubCategoryId`) ON DELETE NO ACTION ON UPDATE NO ACTION;
COMMIT;

/*!40101 SET CHARACTER_SET_CLIENT=@OLD_CHARACTER_SET_CLIENT */;
/*!40101 SET CHARACTER_SET_RESULTS=@OLD_CHARACTER_SET_RESULTS */;
/*!40101 SET COLLATION_CONNECTION=@OLD_COLLATION_CONNECTION */;
